csv-epoch,step,csv-train_loss_step,csv-val_loss_step,csv-val_loss_epoch,csv-accuracy/validator,csv-accuracy/exact,csv-train_loss_epoch
0,0,3.806469440460205,,,,,
0,1,2.851778030395508,,,,,
0,2,2.192291498184204,,,,,
0,3,3.5274555683135986,,,,,
0,4,1.8223140239715576,,,,,
0,5,2.6873598098754883,,,,,
0,6,2.752124547958374,,,,,
0,7,2.4375641345977783,,,,,
0,8,3.472808599472046,,,,,
0,9,2.231957197189331,,,,,
0,10,2.1019845008850098,,,,,
0,11,2.4972891807556152,,,,,
0,12,2.085541248321533,,,,,
0,13,1.3572052717208862,,,,,
0,14,2.979231357574463,,,,,
0,15,1.6036607027053833,,,,,
0,16,2.2364368438720703,,,,,
0,17,1.2310636043548584,,,,,
0,18,1.7219346761703491,,,,,
0,19,2.553741455078125,,,,,
0,20,2.4568164348602295,,,,,
0,21,1.5116701126098633,,,,,
0,22,1.9751091003417969,,,,,
0,23,2.107323408126831,,,,,
0,24,1.5838340520858765,,,,,
0,25,1.4932825565338135,,,,,
0,26,2.6365931034088135,,,,,
0,27,1.3719000816345215,,,,,
0,28,1.6332228183746338,,,,,
0,29,1.8883240222930908,,,,,
0,30,1.4321882724761963,,,,,
0,31,1.5745607614517212,,,,,
0,32,1.3314085006713867,,,,,
0,33,1.9556736946105957,,,,,
0,34,1.389825701713562,,,,,
0,35,1.2251310348510742,,,,,
0,36,1.3344483375549316,,,,,
0,37,1.0774747133255005,,,,,
0,38,0.9698687195777893,,,,,
0,39,1.1061712503433228,,,,,
0,40,1.3478049039840698,,,,,
0,41,1.0765693187713623,,,,,
0,42,1.2834573984146118,,,,,
0,43,0.9707249402999878,,,,,
0,44,0.8263041377067566,,,,,
0,45,1.1648831367492676,,,,,
0,46,1.075143575668335,,,,,
0,47,1.000141978263855,,,,,
0,48,1.0901130437850952,,,,,
,0,,0.6515358090400696,,,,
,1,,0.8334099650382996,,,,
,2,,1.1004973649978638,,,,
,3,,0.5112146139144897,,,,
,4,,0.8943093419075012,,,,
,5,,0.9091640114784241,,,,
,6,,0.5262345671653748,,,,
,7,,0.7557869553565979,,,,
,8,,0.8852688074111938,,,,
,9,,0.8175099492073059,,,,
,10,,0.9212130308151245,,,,
,11,,0.4206544756889343,,,,
,12,,0.5943217873573303,,,,
,13,,1.0721712112426758,,,,
,14,,0.5215040445327759,,,,
,15,,0.8569594621658325,,,,
,16,,0.693945050239563,,,,
,17,,0.7664732933044434,,,,
,18,,0.9498578906059265,,,,
,19,,0.3899831771850586,,,,
,20,,0.7778103947639465,,,,
,21,,0.993169903755188,,,,
,22,,0.5505680441856384,,,,
,23,,0.337475061416626,,,,
,24,,0.493198037147522,,,,
,25,,1.0886905193328857,,,,
,26,,0.3782067894935608,,,,
,27,,1.0751477479934692,,,,
,28,,0.612999439239502,,,,
,29,,0.5205962061882019,,,,
,30,,0.9672597050666809,,,,
,31,,0.9908956289291382,,,,
,32,,0.6279798746109009,,,,
,33,,0.5458105802536011,,,,
,34,,0.7397949695587158,,,,
,35,,1.067125916481018,,,,
,36,,0.4735766649246216,,,,
,37,,0.9296219944953918,,,,
,38,,0.9626336097717285,,,,
,39,,0.6515960097312927,,,,
,40,,0.9889365434646606,,,,
,41,,0.5482428073883057,,,,
,42,,0.8377920985221863,,,,
,43,,0.7605726718902588,,,,
,44,,0.4227292537689209,,,,
,45,,0.5507774353027344,,,,
,46,,0.9789045453071594,,,,
,47,,0.4137965440750122,,,,
,48,,0.7630502581596375,,,,
0,48,,,0.7371627688407898,,,
0,48,,,,0.0,0.0,1.8375544548034668
1,49,0.9735375046730042,,,,,
1,50,1.108994483947754,,,,,
1,51,0.8695005178451538,,,,,
1,52,1.009900689125061,,,,,
1,53,1.24927818775177,,,,,
1,54,0.6139549016952515,,,,,
1,55,0.9491401314735413,,,,,
1,56,0.6337779760360718,,,,,
1,57,0.9057935476303101,,,,,
1,58,0.8514607548713684,,,,,
1,59,0.48814401030540466,,,,,
1,60,0.7569119930267334,,,,,
1,61,0.9461247324943542,,,,,
1,62,1.3752354383468628,,,,,
1,63,1.1736207008361816,,,,,
1,64,0.7866068482398987,,,,,
1,65,0.6298362016677856,,,,,
1,66,0.6170362830162048,,,,,
1,67,0.7421351671218872,,,,,
1,68,1.2141414880752563,,,,,
1,69,0.4167778193950653,,,,,
1,70,0.7673555016517639,,,,,
1,71,0.7318576574325562,,,,,
1,72,0.8653465509414673,,,,,
1,73,0.6670910716056824,,,,,
1,74,0.8636146783828735,,,,,
1,75,0.3860035836696625,,,,,
1,76,0.6712754368782043,,,,,
1,77,0.944743812084198,,,,,
1,78,0.9443475008010864,,,,,
1,79,0.41874364018440247,,,,,
1,80,0.7592051029205322,,,,,
1,81,0.4352125823497772,,,,,
1,82,0.8110890984535217,,,,,
1,83,0.824316680431366,,,,,
1,84,0.8616625666618347,,,,,
1,85,1.082824468612671,,,,,
1,86,0.38362565636634827,,,,,
1,87,0.5192283391952515,,,,,
1,88,0.9015448689460754,,,,,
1,89,0.7483584880828857,,,,,
1,90,0.5945666432380676,,,,,
1,91,0.40793249011039734,,,,,
1,92,0.31019166111946106,,,,,
1,93,0.7394745945930481,,,,,
1,94,0.6205505132675171,,,,,
1,95,0.2596752345561981,,,,,
1,96,0.5228290557861328,,,,,
1,97,0.5574405789375305,,,,,
,49,,0.2190229296684265,,,,
,50,,0.22876831889152527,,,,
,51,,0.8520557284355164,,,,
,52,,0.14434897899627686,,,,
,53,,0.8579243421554565,,,,
,54,,0.15408258140087128,,,,
,55,,0.11843977868556976,,,,
,56,,0.17227108776569366,,,,
,57,,0.19074614346027374,,,,
,58,,0.579271137714386,,,,
,59,,0.18310435116291046,,,,
,60,,0.14172568917274475,,,,
,61,,0.20369020104408264,,,,
,62,,0.6160639524459839,,,,
,63,,0.1215076670050621,,,,
,64,,0.5381332635879517,,,,
,65,,0.2713524401187897,,,,
,66,,0.32545456290245056,,,,
,67,,0.6833583116531372,,,,
,68,,0.16308914124965668,,,,
,69,,0.6523827314376831,,,,
,70,,0.8660710453987122,,,,
,71,,0.17770837247371674,,,,
,72,,0.13917990028858185,,,,
,73,,0.20096033811569214,,,,
,74,,0.7867996096611023,,,,
,75,,0.0884678065776825,,,,
,76,,0.9390978813171387,,,,
,77,,0.15411412715911865,,,,
,78,,0.16010171175003052,,,,
,79,,0.8291520476341248,,,,
,80,,0.8424201011657715,,,,
,81,,0.13149726390838623,,,,
,82,,0.08773186057806015,,,,
,83,,0.12231443077325821,,,,
,84,,0.864041805267334,,,,
,85,,0.13040514290332794,,,,
,86,,0.8638205528259277,,,,
,87,,0.7367408871650696,,,,
,88,,0.25727608799934387,,,,
,89,,0.5972938537597656,,,,
,90,,0.09067734330892563,,,,
,91,,0.5421839952468872,,,,
,92,,0.20641648769378662,,,,
,93,,0.14166168868541718,,,,
,94,,0.19259175658226013,,,,
,95,,0.6290940642356873,,,,
,96,,0.13585525751113892,,,,
,97,,0.528044581413269,,,,
1,97,,,0.38486769795417786,,,
1,97,,,,0.18367347121238708,0.1428571492433548,0.75330650806427
2,98,0.8692696690559387,,,,,
2,99,0.3899064362049103,,,,,
2,100,0.4552704691886902,,,,,
2,101,0.36947354674339294,,,,,
2,102,0.6184934973716736,,,,,
2,103,0.28532958030700684,,,,,
2,104,0.41065481305122375,,,,,
2,105,0.26229214668273926,,,,,
2,106,0.17527219653129578,,,,,
2,107,0.22654320299625397,,,,,
2,108,0.3737744390964508,,,,,
2,109,0.2560383975505829,,,,,
2,110,0.5299389958381653,,,,,
2,111,0.32245033979415894,,,,,
2,112,0.14076395332813263,,,,,
2,113,0.7294813990592957,,,,,
2,114,0.6829119324684143,,,,,
2,115,0.14802099764347076,,,,,
2,116,0.18774597346782684,,,,,
2,117,0.4345378577709198,,,,,
2,118,0.5838619470596313,,,,,
2,119,0.6877074837684631,,,,,
2,120,0.7332531809806824,,,,,
2,121,0.6179280281066895,,,,,
2,122,0.21103700995445251,,,,,
2,123,0.8974550366401672,,,,,
2,124,0.31727948784828186,,,,,
2,125,0.19194819033145905,,,,,
2,126,0.1702519953250885,,,,,
2,127,0.4168761670589447,,,,,
2,128,0.8286131024360657,,,,,
2,129,0.3544284701347351,,,,,
2,130,0.4824105203151703,,,,,
2,131,0.21834003925323486,,,,,
2,132,0.6037101149559021,,,,,
2,133,0.46324169635772705,,,,,
2,134,0.19730058312416077,,,,,
2,135,0.3372710645198822,,,,,
2,136,0.6268879175186157,,,,,
2,137,0.9317135810852051,,,,,
2,138,0.45409125089645386,,,,,
2,139,0.22136440873146057,,,,,
2,140,0.9401291608810425,,,,,
2,141,0.8557800054550171,,,,,
2,142,1.0263844728469849,,,,,
2,143,0.4223043620586395,,,,,
2,144,0.4528825581073761,,,,,
2,145,0.19427639245986938,,,,,
2,146,0.2205197513103485,,,,,
,98,,0.17389948666095734,,,,
,99,,0.10620123147964478,,,,
,100,,0.5300374627113342,,,,
,101,,0.04889245703816414,,,,
,102,,0.4807017743587494,,,,
,103,,0.09221725910902023,,,,
,104,,0.03570372983813286,,,,
,105,,0.07462035119533539,,,,
,106,,0.22057941555976868,,,,
,107,,0.30947262048721313,,,,
,108,,0.15440580248832703,,,,
,109,,0.06048747897148132,,,,
,110,,0.07182665169239044,,,,
,111,,0.33655020594596863,,,,
,112,,0.0484151691198349,,,,
,113,,0.28900739550590515,,,,
,114,,0.16420456767082214,,,,
,115,,0.2557779848575592,,,,
,116,,0.4391610622406006,,,,
,117,,0.04625217244029045,,,,
,118,,0.3087128698825836,,,,
,119,,0.43587544560432434,,,,
,120,,0.1287534087896347,,,,
,121,,0.04676135256886482,,,,
,122,,0.0854465514421463,,,,
,123,,0.48114508390426636,,,,
,124,,0.04920275881886482,,,,
,125,,0.5493127107620239,,,,
,126,,0.07989656180143356,,,,
,127,,0.16094042360782623,,,,
,128,,0.43314623832702637,,,,
,129,,0.4777638018131256,,,,
,130,,0.10900772362947464,,,,
,131,,0.05227632820606232,,,,
,132,,0.09551097452640533,,,,
,133,,0.5028991103172302,,,,
,134,,0.04539133235812187,,,,
,135,,0.475001722574234,,,,
,136,,0.43285995721817017,,,,
,137,,0.10107310116291046,,,,
,138,,0.33685821294784546,,,,
,139,,0.047653719782829285,,,,
,140,,0.32138678431510925,,,,
,141,,0.1798163503408432,,,,
,142,,0.08406560122966766,,,,
,143,,0.08521842211484909,,,,
,144,,0.317240446805954,,,,
,145,,0.06801215559244156,,,,
,146,,0.31194445490837097,,,,
2,146,,,0.21921607851982117,,,
2,146,,,,0.40816327929496765,0.44897958636283875,0.4597432315349579
3,147,0.4848168194293976,,,,,
3,148,0.3853590190410614,,,,,
3,149,0.37213802337646484,,,,,
3,150,0.42170098423957825,,,,,
3,151,0.4109150469303131,,,,,
3,152,0.302073210477829,,,,,
3,153,0.7821396589279175,,,,,
3,154,0.45837992429733276,,,,,
3,155,0.8349507451057434,,,,,
3,156,0.3984943926334381,,,,,
3,157,0.8516802787780762,,,,,
3,158,0.2896527945995331,,,,,
3,159,0.10101339966058731,,,,,
3,160,0.20215879380702972,,,,,
3,161,0.2607298195362091,,,,,
3,162,0.4295416474342346,,,,,
3,163,0.21321626007556915,,,,,
3,164,0.07271033525466919,,,,,
3,165,0.40617334842681885,,,,,
3,166,0.31186890602111816,,,,,
3,167,0.9909045696258545,,,,,
3,168,0.5448916554450989,,,,,
3,169,0.3106580078601837,,,,,
3,170,0.22906450927257538,,,,,
3,171,0.38021355867385864,,,,,
3,172,0.27206239104270935,,,,,
3,173,0.2008999139070511,,,,,
3,174,0.3112942576408386,,,,,
3,175,0.341055303812027,,,,,
3,176,0.26723214983940125,,,,,
3,177,0.16720983386039734,,,,,
3,178,0.19184811413288116,,,,,
3,179,0.5557811856269836,,,,,
3,180,0.3978978991508484,,,,,
3,181,0.4704703986644745,,,,,
3,182,0.5825681090354919,,,,,
3,183,0.5780659914016724,,,,,
3,184,0.19869057834148407,,,,,
3,185,0.15212105214595795,,,,,
3,186,0.24115851521492004,,,,,
3,187,0.32836687564849854,,,,,
3,188,0.26498255133628845,,,,,
3,189,0.24581579864025116,,,,,
3,190,0.4175225794315338,,,,,
3,191,0.22346872091293335,,,,,
3,192,0.05806562304496765,,,,,
3,193,0.045548953115940094,,,,,
3,194,0.18206791579723358,,,,,
3,195,0.26830509305000305,,,,,
,147,,0.103594109416008,,,,
,148,,0.5819663405418396,,,,
,149,,0.7522569894790649,,,,
,150,,0.27163055539131165,,,,
,151,,0.4703103303909302,,,,
,152,,0.1019740030169487,,,,
,153,,0.06860639899969101,,,,
,154,,0.12317649275064468,,,,
,155,,0.17061066627502441,,,,
,156,,0.3983907103538513,,,,
,157,,0.1749478280544281,,,,
,158,,0.12137287855148315,,,,
,159,,0.13445453345775604,,,,
,160,,0.39905133843421936,,,,
,161,,0.13557638227939606,,,,
,162,,0.437105268239975,,,,
,163,,0.09019085019826889,,,,
,164,,0.13965705037117004,,,,
,165,,0.28175088763237,,,,
,166,,0.02887449599802494,,,,
,167,,0.28446507453918457,,,,
,168,,0.28467124700546265,,,,
,169,,0.033289920538663864,,,,
,170,,0.027365583926439285,,,,
,171,,0.05715375393629074,,,,
,172,,0.38586509227752686,,,,
,173,,0.060593485832214355,,,,
,174,,0.8312458992004395,,,,
,175,,0.24646420776844025,,,,
,176,,0.1414276361465454,,,,
,177,,0.2949753403663635,,,,
,178,,0.5310484170913696,,,,
,179,,0.15043020248413086,,,,
,180,,0.21259868144989014,,,,
,181,,0.2525893449783325,,,,
,182,,0.7283497452735901,,,,
,183,,0.2545326352119446,,,,
,184,,0.5610100030899048,,,,
,185,,0.4174644947052002,,,,
,186,,0.2154010832309723,,,,
,187,,0.47816139459609985,,,,
,188,,0.2627364993095398,,,,
,189,,0.566717803478241,,,,
,190,,0.09725555032491684,,,,
,191,,0.02945311740040779,,,,
,192,,0.053113579750061035,,,,
,193,,0.3060111403465271,,,,
,194,,0.03350282087922096,,,,
,195,,0.22177651524543762,,,,
3,195,,,0.2654116451740265,,,
3,195,,,,0.18367347121238708,0.10204081982374191,0.35526418685913086
4,196,0.08437154442071915,,,,,
4,197,0.08718249946832657,,,,,
4,198,0.5859189033508301,,,,,
4,199,0.4871562421321869,,,,,
4,200,0.3465178608894348,,,,,
4,201,0.4405837655067444,,,,,
4,202,0.20120862126350403,,,,,
4,203,0.1739424467086792,,,,,
4,204,0.07000011205673218,,,,,
4,205,0.10214301198720932,,,,,
4,206,0.5089665651321411,,,,,
4,207,0.25065627694129944,,,,,
4,208,0.19661125540733337,,,,,
4,209,0.4542543888092041,,,,,
4,210,0.218581423163414,,,,,
4,211,0.2770691215991974,,,,,
4,212,0.10136177390813828,,,,,
4,213,0.16987907886505127,,,,,
4,214,0.07643228024244308,,,,,
4,215,0.13707542419433594,,,,,
4,216,0.4799167513847351,,,,,
4,217,0.5235356092453003,,,,,
4,218,0.30342668294906616,,,,,
4,219,0.43451952934265137,,,,,
4,220,0.3701441287994385,,,,,
4,221,0.05663634464144707,,,,,
4,222,0.3759165406227112,,,,,
4,223,0.36247095465660095,,,,,
4,224,0.07052511721849442,,,,,
4,225,0.09805707633495331,,,,,
4,226,0.5852082967758179,,,,,
4,227,0.17511650919914246,,,,,
4,228,0.6478593945503235,,,,,
4,229,0.15300622582435608,,,,,
4,230,0.07312460988759995,,,,,
4,231,0.15231451392173767,,,,,
4,232,0.3197258412837982,,,,,
4,233,0.4723970293998718,,,,,
4,234,0.2719467580318451,,,,,
4,235,0.07711436599493027,,,,,
4,236,0.24802672863006592,,,,,
4,237,0.2969828248023987,,,,,
4,238,0.4126609265804291,,,,,
4,239,0.5006232261657715,,,,,
4,240,0.2612029016017914,,,,,
4,241,0.1317794770002365,,,,,
4,242,0.2413296401500702,,,,,
4,243,0.04373329132795334,,,,,
4,244,0.14625117182731628,,,,,
,196,,0.07997433096170425,,,,
,197,,0.40483778715133667,,,,
,198,,0.380499005317688,,,,
,199,,0.07201895117759705,,,,
,200,,0.34998100996017456,,,,
,201,,0.03172117844223976,,,,
,202,,0.02681327424943447,,,,
,203,,0.06597789376974106,,,,
,204,,0.08838845044374466,,,,
,205,,0.13971196115016937,,,,
,206,,0.10438142716884613,,,,
,207,,0.02895801141858101,,,,
,208,,0.0326399989426136,,,,
,209,,0.21521741151809692,,,,
,210,,0.028156405314803123,,,,
,211,,0.17920386791229248,,,,
,212,,0.11438187211751938,,,,
,213,,0.10590269416570663,,,,
,214,,0.12171444296836853,,,,
,215,,0.035568419843912125,,,,
,216,,0.18828245997428894,,,,
,217,,0.34066951274871826,,,,
,218,,0.04360093176364899,,,,
,219,,0.03063126839697361,,,,
,220,,0.06261496990919113,,,,
,221,,0.26186347007751465,,,,
,222,,0.06910425424575806,,,,
,223,,0.48211169242858887,,,,
,224,,0.07695718109607697,,,,
,225,,0.05116206780076027,,,,
,226,,0.19761177897453308,,,,
,227,,0.37956079840660095,,,,
,228,,0.06298255175352097,,,,
,229,,0.12922871112823486,,,,
,230,,0.19592535495758057,,,,
,231,,0.44124943017959595,,,,
,232,,0.1088142916560173,,,,
,233,,0.3924451172351837,,,,
,234,,0.37421727180480957,,,,
,235,,0.09396932274103165,,,,
,236,,0.2761698365211487,,,,
,237,,0.13876676559448242,,,,
,238,,0.21353991329669952,,,,
,239,,0.19220095872879028,,,,
,240,,0.06643412262201309,,,,
,241,,0.06987176835536957,,,,
,242,,0.23878444731235504,,,,
,243,,0.0890226811170578,,,,
,244,,0.2220434844493866,,,,
4,244,,,0.1652221530675888,,,
4,244,,,,0.6122449040412903,0.5306122303009033,0.2705196738243103
5,245,0.02980029582977295,,,,,
5,246,0.23157106339931488,,,,,
5,247,0.057956431061029434,,,,,
5,248,0.14410799741744995,,,,,
5,249,0.21896344423294067,,,,,
5,250,0.16243083775043488,,,,,
5,251,0.2771061956882477,,,,,
5,252,0.09391064196825027,,,,,
5,253,0.3405238389968872,,,,,
5,254,0.31663981080055237,,,,,
5,255,0.10179458558559418,,,,,
5,256,0.28194302320480347,,,,,
5,257,0.1631370633840561,,,,,
5,258,0.5710676312446594,,,,,
5,259,0.09653893858194351,,,,,
5,260,0.18630172312259674,,,,,
5,261,0.42117246985435486,,,,,
5,262,0.15475347638130188,,,,,
5,263,0.11896562576293945,,,,,
5,264,0.31022459268569946,,,,,
5,265,0.2928406894207001,,,,,
5,266,0.18075981736183167,,,,,
5,267,0.2206423133611679,,,,,
5,268,0.37154290080070496,,,,,
5,269,0.7349554896354675,,,,,
5,270,0.21484245359897614,,,,,
5,271,0.058997638523578644,,,,,
5,272,0.06357041746377945,,,,,
5,273,0.7369118332862854,,,,,
5,274,0.15060122311115265,,,,,
5,275,0.19578948616981506,,,,,
5,276,0.07486853748559952,,,,,
5,277,0.13931486010551453,,,,,
5,278,0.3692978620529175,,,,,
5,279,0.216827854514122,,,,,
5,280,0.5075266361236572,,,,,
5,281,0.321473628282547,,,,,
5,282,0.1352795958518982,,,,,
5,283,0.5236258506774902,,,,,
5,284,0.1688566654920578,,,,,
5,285,0.2061101645231247,,,,,
5,286,0.2744920551776886,,,,,
5,287,0.1843026578426361,,,,,
5,288,0.06558170169591904,,,,,
5,289,0.2024337649345398,,,,,
5,290,0.2868877947330475,,,,,
5,291,0.061118531972169876,,,,,
5,292,0.45247727632522583,,,,,
5,293,0.5816931128501892,,,,,
,245,,0.032931357622146606,,,,
,246,,0.47907423973083496,,,,
,247,,0.3315243422985077,,,,
,248,,0.15666066110134125,,,,
,249,,0.183041051030159,,,,
,250,,0.034660860896110535,,,,
,251,,0.024714674800634384,,,,
,252,,0.02908760868012905,,,,
,253,,0.054841358214616776,,,,
,254,,0.10968813300132751,,,,
,255,,0.04264902323484421,,,,
,256,,0.03442252054810524,,,,
,257,,0.031458526849746704,,,,
,258,,0.11407746374607086,,,,
,259,,0.03191259503364563,,,,
,260,,0.15131160616874695,,,,
,261,,0.05150097236037254,,,,
,262,,0.06202511489391327,,,,
,263,,0.0716719701886177,,,,
,264,,0.03219098970293999,,,,
,265,,0.10635720193386078,,,,
,266,,0.07375336438417435,,,,
,267,,0.03157896548509598,,,,
,268,,0.025341305881738663,,,,
,269,,0.025352802127599716,,,,
,270,,0.253559410572052,,,,
,271,,0.0255883876234293,,,,
,272,,0.4650041460990906,,,,
,273,,0.08098538219928741,,,,
,274,,0.17747871577739716,,,,
,275,,0.07070185244083405,,,,
,276,,0.2438923567533493,,,,
,277,,0.04171711578965187,,,,
,278,,0.04588015750050545,,,,
,279,,0.0554402656853199,,,,
,280,,0.2960619628429413,,,,
,281,,0.0592295303940773,,,,
,282,,0.19740018248558044,,,,
,283,,0.12823812663555145,,,,
,284,,0.04450452700257301,,,,
,285,,0.12198341637849808,,,,
,286,,0.04226831719279289,,,,
,287,,0.14859163761138916,,,,
,288,,0.09623488038778305,,,,
,289,,0.08344423770904541,,,,
,290,,0.053532179445028305,,,,
,291,,0.15221017599105835,,,,
,292,,0.08786291629076004,,,,
,293,,0.14256608486175537,,,,
5,293,,,0.11094293743371964,,,
5,293,,,,0.6326530575752258,0.5510203838348389,0.25045982003211975
6,294,0.2996227741241455,,,,,
6,295,0.07376737147569656,,,,,
6,296,0.3294718563556671,,,,,
6,297,0.0774325281381607,,,,,
6,298,0.19993317127227783,,,,,
6,299,0.049204446375370026,,,,,
6,300,0.07174500823020935,,,,,
6,301,0.0631614699959755,,,,,
6,302,0.07227711379528046,,,,,
6,303,0.23845069110393524,,,,,
6,304,0.15581843256950378,,,,,
6,305,0.34434929490089417,,,,,
6,306,0.25859659910202026,,,,,
6,307,0.03555741533637047,,,,,
6,308,0.1845296323299408,,,,,
6,309,0.26035037636756897,,,,,
6,310,0.2420656383037567,,,,,
6,311,0.17608006298542023,,,,,
6,312,0.2056429237127304,,,,,
6,313,0.2908395528793335,,,,,
6,314,0.47440212965011597,,,,,
6,315,0.19795770943164825,,,,,
6,316,0.19822286069393158,,,,,
6,317,0.0862610936164856,,,,,
6,318,0.10270512849092484,,,,,
6,319,0.19653508067131042,,,,,
6,320,0.21982188522815704,,,,,
6,321,0.1309354454278946,,,,,
6,322,0.03850804269313812,,,,,
6,323,0.07053521275520325,,,,,
6,324,0.581851601600647,,,,,
6,325,0.2784833312034607,,,,,
6,326,0.042125456035137177,,,,,
6,327,0.033494528383016586,,,,,
6,328,0.057386673986911774,,,,,
6,329,0.07173304259777069,,,,,
6,330,0.10039491951465607,,,,,
6,331,0.06405532360076904,,,,,
6,332,0.2138122320175171,,,,,
6,333,0.17269904911518097,,,,,
6,334,0.043862976133823395,,,,,
6,335,0.17630407214164734,,,,,
6,336,0.1073395162820816,,,,,
6,337,0.07221300899982452,,,,,
6,338,0.17452330887317657,,,,,
6,339,0.05489170923829079,,,,,
6,340,0.39295926690101624,,,,,
6,341,0.2505389153957367,,,,,
6,342,0.1136532723903656,,,,,
,294,,0.054569169878959656,,,,
,295,,0.9217519164085388,,,,
,296,,0.5117921233177185,,,,
,297,,0.4308662414550781,,,,
,298,,0.24791060388088226,,,,
,299,,0.20103837549686432,,,,
,300,,0.1326804757118225,,,,
,301,,0.2020225077867508,,,,
,302,,0.22907450795173645,,,,
,303,,0.43158599734306335,,,,
,304,,0.2546166777610779,,,,
,305,,0.18957063555717468,,,,
,306,,0.21053272485733032,,,,
,307,,0.34218764305114746,,,,
,308,,0.21788544952869415,,,,
,309,,0.4625485837459564,,,,
,310,,0.06842943280935287,,,,
,311,,0.07232286781072617,,,,
,312,,0.07444410026073456,,,,
,313,,0.01069019827991724,,,,
,314,,0.09778662025928497,,,,
,315,,0.07631517946720123,,,,
,316,,0.0312955267727375,,,,
,317,,0.012205108068883419,,,,
,318,,0.029133472591638565,,,,
,319,,0.11664772033691406,,,,
,320,,0.02624545805156231,,,,
,321,,0.5665501356124878,,,,
,322,,0.4030029773712158,,,,
,323,,0.3565690517425537,,,,
,324,,0.12237049639225006,,,,
,325,,0.2386913150548935,,,,
,326,,0.2469104528427124,,,,
,327,,0.31602635979652405,,,,
,328,,0.35108885169029236,,,,
,329,,0.47913554310798645,,,,
,330,,0.3494138717651367,,,,
,331,,0.3613293170928955,,,,
,332,,0.17784884572029114,,,,
,333,,0.2854883670806885,,,,
,334,,0.3544026017189026,,,,
,335,,0.34803321957588196,,,,
,336,,0.48994240164756775,,,,
,337,,0.1667885035276413,,,,
,338,,0.07025010883808136,,,,
,339,,0.05947723239660263,,,,
,340,,0.15967288613319397,,,,
,341,,0.10130190849304199,,,,
,342,,0.19402392208576202,,,,
6,342,,,0.24192790687084198,,,
6,342,,,,0.2448979616165161,0.20408163964748383,0.17034901678562164
7,343,0.049364447593688965,,,,,
7,344,0.10804639011621475,,,,,
7,345,0.08667159825563431,,,,,
7,346,0.26292353868484497,,,,,
7,347,0.17483223974704742,,,,,
7,348,0.08523686975240707,,,,,
7,349,0.01652473397552967,,,,,
7,350,0.1806848794221878,,,,,
7,351,0.07712937891483307,,,,,
7,352,0.10269514471292496,,,,,
7,353,0.04497691988945007,,,,,
7,354,0.033427685499191284,,,,,
7,355,0.3030431568622589,,,,,
7,356,0.2946130037307739,,,,,
7,357,0.15975570678710938,,,,,
7,358,0.03550146892666817,,,,,
7,359,0.1354711800813675,,,,,
7,360,0.11849922686815262,,,,,
7,361,0.06713710725307465,,,,,
7,362,0.491393506526947,,,,,
7,363,0.5102962255477905,,,,,
7,364,0.06406300514936447,,,,,
7,365,0.09131837636232376,,,,,
7,366,0.23053763806819916,,,,,
7,367,0.10075107961893082,,,,,
7,368,0.29603704810142517,,,,,
7,369,0.8443855047225952,,,,,
7,370,0.28170016407966614,,,,,
7,371,0.08105228841304779,,,,,
7,372,0.10198400169610977,,,,,
7,373,0.10809173434972763,,,,,
7,374,0.36412709951400757,,,,,
7,375,0.331721693277359,,,,,
7,376,0.24468325078487396,,,,,
7,377,0.2150915414094925,,,,,
7,378,0.137632817029953,,,,,
7,379,0.03152754157781601,,,,,
7,380,0.06075543910264969,,,,,
7,381,0.6000279188156128,,,,,
7,382,0.0636644959449768,,,,,
7,383,0.016081109642982483,,,,,
7,384,0.10413269698619843,,,,,
7,385,0.3161633014678955,,,,,
7,386,0.06136058643460274,,,,,
7,387,0.3477189540863037,,,,,
7,388,0.03027820773422718,,,,,
7,389,0.12995228171348572,,,,,
7,390,0.26837411522865295,,,,,
7,391,0.4188230037689209,,,,,
,343,,0.06985854357481003,,,,
,344,,0.7071183919906616,,,,
,345,,0.30449551343917847,,,,
,346,,0.2271360456943512,,,,
,347,,0.08773233741521835,,,,
,348,,0.09214954823255539,,,,
,349,,0.03275603801012039,,,,
,350,,0.04528036341071129,,,,
,351,,0.056790776550769806,,,,
,352,,0.16861820220947266,,,,
,353,,0.05990155041217804,,,,
,354,,0.014618701301515102,,,,
,355,,0.013385017402470112,,,,
,356,,0.12022369354963303,,,,
,357,,0.018817121163010597,,,,
,358,,0.16565750539302826,,,,
,359,,0.05816055089235306,,,,
,360,,0.05750104412436485,,,,
,361,,0.07625998556613922,,,,
,362,,0.016217995434999466,,,,
,363,,0.09381485730409622,,,,
,364,,0.08006574213504791,,,,
,365,,0.013501500710844994,,,,
,366,,0.010910154320299625,,,,
,367,,0.04147693142294884,,,,
,368,,0.11322972178459167,,,,
,369,,0.04971364140510559,,,,
,370,,0.4329513609409332,,,,
,371,,0.1700195074081421,,,,
,372,,0.31280115246772766,,,,
,373,,0.08425003290176392,,,,
,374,,0.09563373774290085,,,,
,375,,0.09855206310749054,,,,
,376,,0.1666496992111206,,,,
,377,,0.11287860572338104,,,,
,378,,0.258626788854599,,,,
,379,,0.14643262326717377,,,,
,380,,0.13703162968158722,,,,
,381,,0.11551930755376816,,,,
,382,,0.06755722314119339,,,,
,383,,0.14122898876667023,,,,
,384,,0.08320201933383942,,,,
,385,,0.22011826932430267,,,,
,386,,0.22336053848266602,,,,
,387,,0.15111587941646576,,,,
,388,,0.08200440555810928,,,,
,389,,0.2235439568758011,,,,
,390,,0.18975363671779633,,,,
,391,,0.18231424689292908,,,,
7,391,,,0.132468119263649,,,
7,391,,,,0.4897959232330322,0.30612245202064514,0.18939311802387238
8,392,0.1835683286190033,,,,,
8,393,0.34662699699401855,,,,,
8,394,0.15900538861751556,,,,,
8,395,0.12289435416460037,,,,,
8,396,0.05527562275528908,,,,,
8,397,0.1907857358455658,,,,,
8,398,0.1066233217716217,,,,,
8,399,0.029563546180725098,,,,,
8,400,0.11484130471944809,,,,,
8,401,0.10140455514192581,,,,,
8,402,0.06580087542533875,,,,,
8,403,0.24074341356754303,,,,,
8,404,0.2732401192188263,,,,,
8,405,0.28721165657043457,,,,,
8,406,0.0841219499707222,,,,,
8,407,0.037932224571704865,,,,,
8,408,0.341068834066391,,,,,
8,409,0.11909639090299606,,,,,
8,410,0.08278020471334457,,,,,
8,411,0.11799599975347519,,,,,
8,412,0.059939511120319366,,,,,
8,413,0.17019838094711304,,,,,
8,414,0.18722233176231384,,,,,
8,415,0.1468525528907776,,,,,
8,416,0.11603405326604843,,,,,
8,417,0.13400258123874664,,,,,
8,418,0.0596606619656086,,,,,
8,419,0.3726716637611389,,,,,
8,420,0.12402074784040451,,,,,
8,421,0.3517668843269348,,,,,
8,422,0.04100176692008972,,,,,
8,423,0.08975487947463989,,,,,
8,424,0.15269750356674194,,,,,
8,425,0.07298856973648071,,,,,
8,426,0.050676263868808746,,,,,
8,427,0.24617286026477814,,,,,
8,428,0.14308512210845947,,,,,
8,429,0.12538409233093262,,,,,
8,430,0.04330241680145264,,,,,
8,431,0.046138327568769455,,,,,
8,432,0.10809589177370071,,,,,
8,433,0.20108923316001892,,,,,
8,434,0.02587554231286049,,,,,
8,435,0.053593896329402924,,,,,
8,436,0.018426774069666862,,,,,
8,437,0.02521490305662155,,,,,
8,438,0.07898855954408646,,,,,
8,439,0.41631293296813965,,,,,
8,440,0.05368836596608162,,,,,
,392,,0.1820969432592392,,,,
,393,,0.5573501586914062,,,,
,394,,0.021122120320796967,,,,
,395,,0.010442550294101238,,,,
,396,,0.020617155358195305,,,,
,397,,0.008400901220738888,,,,
,398,,0.006217819172888994,,,,
,399,,0.0493452362716198,,,,
,400,,0.0787719190120697,,,,
,401,,0.10917037725448608,,,,
,402,,0.0641321986913681,,,,
,403,,0.008849957026541233,,,,
,404,,0.007546830456703901,,,,
,405,,0.11073873937129974,,,,
,406,,0.006515249609947205,,,,
,407,,0.11576006561517715,,,,
,408,,0.058778632432222366,,,,
,409,,0.06986524164676666,,,,
,410,,0.0755683034658432,,,,
,411,,0.013588550500571728,,,,
,412,,0.11162745207548141,,,,
,413,,0.09256655722856522,,,,
,414,,0.010567167773842812,,,,
,415,,0.009467688389122486,,,,
,416,,0.04847235977649689,,,,
,417,,0.07412878423929214,,,,
,418,,0.09988609701395035,,,,
,419,,0.3154776096343994,,,,
,420,,0.008444955572485924,,,,
,421,,0.24065615236759186,,,,
,422,,0.07815738767385483,,,,
,423,,0.02380654588341713,,,,
,424,,0.009207363240420818,,,,
,425,,0.047058988362550735,,,,
,426,,0.048378173261880875,,,,
,427,,0.020223096013069153,,,,
,428,,0.008396348915994167,,,,
,429,,0.022340640425682068,,,,
,430,,0.11236713081598282,,,,
,431,,0.009026962332427502,,,,
,432,,0.11108975112438202,,,,
,433,,0.05073770880699158,,,,
,434,,0.11766642332077026,,,,
,435,,0.06652656942605972,,,,
,436,,0.013664412312209606,,,,
,437,,0.013294342905282974,,,,
,438,,0.11846878379583359,,,,
,439,,0.017712827771902084,,,,
,440,,0.10270387679338455,,,,
8,440,,,0.07300002872943878,,,
8,440,,,,0.8979591727256775,0.5102040767669678,0.13827426731586456
9,441,0.0364503487944603,,,,,
9,442,0.112556092441082,,,,,
9,443,0.03892524167895317,,,,,
9,444,0.1274338960647583,,,,,
9,445,0.013867093250155449,,,,,
9,446,0.05408208444714546,,,,,
9,447,0.015396243892610073,,,,,
9,448,0.01792501099407673,,,,,
9,449,0.060473185032606125,,,,,
9,450,0.054651424288749695,,,,,
9,451,0.06912123411893845,,,,,
9,452,0.2050280123949051,,,,,
9,453,0.1477956771850586,,,,,
9,454,0.11891194432973862,,,,,
9,455,0.9097052216529846,,,,,
9,456,0.05054564028978348,,,,,
9,457,0.021504078060388565,,,,,
9,458,0.050363689661026,,,,,
9,459,0.14509598910808563,,,,,
9,460,0.5661607980728149,,,,,
9,461,0.19379758834838867,,,,,
9,462,0.26588910818099976,,,,,
9,463,0.039963312447071075,,,,,
9,464,0.37909233570098877,,,,,
9,465,0.08945820480585098,,,,,
9,466,0.15737928450107574,,,,,
9,467,0.05607103183865547,,,,,
9,468,0.06689631193876266,,,,,
9,469,0.12878000736236572,,,,,
9,470,0.2017342895269394,,,,,
9,471,0.4049831032752991,,,,,
9,472,0.26445093750953674,,,,,
9,473,0.28035658597946167,,,,,
9,474,0.1326264888048172,,,,,
9,475,0.12741811573505402,,,,,
9,476,0.038167234510183334,,,,,
9,477,0.05169014632701874,,,,,
9,478,0.13402831554412842,,,,,
9,479,0.29890868067741394,,,,,
9,480,0.04301830008625984,,,,,
9,481,0.06590277701616287,,,,,
9,482,0.14637179672718048,,,,,
9,483,0.2408454716205597,,,,,
9,484,0.1101660430431366,,,,,
9,485,0.18469831347465515,,,,,
9,486,0.18931138515472412,,,,,
9,487,0.15430881083011627,,,,,
9,488,0.12238159030675888,,,,,
9,489,0.21796782314777374,,,,,
,441,,0.050534822046756744,,,,
,442,,0.6546897888183594,,,,
,443,,0.3597843050956726,,,,
,444,,0.26434841752052307,,,,
,445,,0.13956381380558014,,,,
,446,,0.10969329625368118,,,,
,447,,0.06679797917604446,,,,
,448,,0.038894325494766235,,,,
,449,,0.10403478890657425,,,,
,450,,0.16299323737621307,,,,
,451,,0.05528143420815468,,,,
,452,,0.04155576974153519,,,,
,453,,0.034896787256002426,,,,
,454,,0.11692292243242264,,,,
,455,,0.04217984154820442,,,,
,456,,0.15141458809375763,,,,
,457,,0.04152587428689003,,,,
,458,,0.08876015245914459,,,,
,459,,0.07320380955934525,,,,
,460,,0.028566954657435417,,,,
,461,,0.0959387719631195,,,,
,462,,0.09570442885160446,,,,
,463,,0.031754445284605026,,,,
,464,,0.028201615437865257,,,,
,465,,0.03232790529727936,,,,
,466,,0.12525737285614014,,,,
,467,,0.030035123229026794,,,,
,468,,0.4377034306526184,,,,
,469,,0.16991059482097626,,,,
,470,,0.5958678722381592,,,,
,471,,0.10476168990135193,,,,
,472,,0.11238307505846024,,,,
,473,,0.07095833122730255,,,,
,474,,0.08237770944833755,,,,
,475,,0.07454992085695267,,,,
,476,,0.2654794156551361,,,,
,477,,0.14032015204429626,,,,
,478,,0.1507243663072586,,,,
,479,,0.11239951103925705,,,,
,480,,0.07087798416614532,,,,
,481,,0.13020509481430054,,,,
,482,,0.07203159481287003,,,,
,483,,0.19320522248744965,,,,
,484,,0.06518985331058502,,,,
,485,,0.050002321600914,,,,
,486,,0.04748135060071945,,,,
,487,,0.11843989044427872,,,,
,488,,0.06013107672333717,,,,
,489,,0.11660607904195786,,,,
9,489,,,0.12870344519615173,,,
9,489,,,,0.5918367505073547,0.4285714328289032,0.15515625476837158
10,490,0.09153915196657181,,,,,
10,491,0.0835081934928894,,,,,
10,492,0.1845032274723053,,,,,
10,493,0.36302268505096436,,,,,
10,494,0.20022985339164734,,,,,
10,495,0.31012749671936035,,,,,
10,496,0.11617595702409744,,,,,
10,497,0.0937112495303154,,,,,
10,498,0.3327485918998718,,,,,
10,499,0.07205174118280411,,,,,
10,500,0.04350683093070984,,,,,
10,501,0.16119720041751862,,,,,
10,502,0.057780712842941284,,,,,
10,503,0.39848268032073975,,,,,
10,504,0.18307098746299744,,,,,
10,505,0.05691743642091751,,,,,
10,506,0.16767126321792603,,,,,
10,507,0.055453721433877945,,,,,
10,508,0.04456689953804016,,,,,
10,509,0.20145681500434875,,,,,
10,510,0.09113205224275589,,,,,
10,511,0.08835188299417496,,,,,
10,512,0.030258310958743095,,,,,
10,513,0.11880777031183243,,,,,
10,514,0.1750936657190323,,,,,
10,515,0.20600931346416473,,,,,
10,516,0.029234416782855988,,,,,
10,517,0.06854833662509918,,,,,
10,518,0.21944743394851685,,,,,
10,519,0.29238906502723694,,,,,
10,520,0.15839770436286926,,,,,
10,521,0.05064935237169266,,,,,
10,522,0.10801474004983902,,,,,
10,523,0.028380826115608215,,,,,
10,524,0.029818560928106308,,,,,
10,525,0.06423647701740265,,,,,
10,526,0.14961540699005127,,,,,
10,527,0.06471645087003708,,,,,
10,528,0.12648876011371613,,,,,
10,529,0.0602920725941658,,,,,
10,530,0.049198269844055176,,,,,
10,531,0.036202847957611084,,,,,
10,532,0.03983382508158684,,,,,
10,533,0.3379884362220764,,,,,
10,534,0.07873514294624329,,,,,
10,535,0.007234055548906326,,,,,
10,536,0.059464480727910995,,,,,
10,537,0.05866384878754616,,,,,
10,538,0.04564093053340912,,,,,
,490,,0.038373012095689774,,,,
,491,,1.314841628074646,,,,
,492,,0.8528844714164734,,,,
,493,,0.4780973494052887,,,,
,494,,0.04381773620843887,,,,
,495,,0.30635929107666016,,,,
,496,,0.15018786489963531,,,,
,497,,0.04477832466363907,,,,
,498,,0.07796216756105423,,,,
,499,,0.08319300413131714,,,,
,500,,0.04903383553028107,,,,
,501,,0.022917596623301506,,,,
,502,,0.02067435532808304,,,,
,503,,0.07406593859195709,,,,
,504,,0.020486997440457344,,,,
,505,,0.09827914834022522,,,,
,506,,0.05377941578626633,,,,
,507,,0.08319350332021713,,,,
,508,,0.05979815497994423,,,,
,509,,0.028460053727030754,,,,
,510,,0.08177977055311203,,,,
,511,,0.06228692829608917,,,,
,512,,0.027387123554944992,,,,
,513,,0.02435445971786976,,,,
,514,,0.05237458273768425,,,,
,515,,0.042145419865846634,,,,
,516,,0.04200650006532669,,,,
,517,,0.6886032223701477,,,,
,518,,0.35971182584762573,,,,
,519,,0.7262154221534729,,,,
,520,,0.05293413996696472,,,,
,521,,0.04116592928767204,,,,
,522,,0.05349132791161537,,,,
,523,,0.1422293782234192,,,,
,524,,0.05057787895202637,,,,
,525,,0.14285871386528015,,,,
,526,,0.1099683940410614,,,,
,527,,0.03762362152338028,,,,
,528,,0.05594443157315254,,,,
,529,,0.029284274205565453,,,,
,530,,0.08831485360860825,,,,
,531,,0.057557351887226105,,,,
,532,,0.18428313732147217,,,,
,533,,0.060221701860427856,,,,
,534,,0.028076736256480217,,,,
,535,,0.027385154739022255,,,,
,536,,0.07657013833522797,,,,
,537,,0.024870680645108223,,,,
,538,,0.07304687052965164,,,,
10,538,,,0.149886816740036,,,
10,538,,,,0.7142857313156128,0.5306122303009033,0.12429729849100113
11,539,0.07543345540761948,,,,,
11,540,0.05530712008476257,,,,,
11,541,0.076943039894104,,,,,
11,542,0.22845566272735596,,,,,
11,543,0.07567651569843292,,,,,
11,544,0.06042870506644249,,,,,
11,545,0.043798018246889114,,,,,
11,546,0.17621442675590515,,,,,
11,547,0.07840569317340851,,,,,
11,548,0.06393308937549591,,,,,
11,549,0.03406164050102234,,,,,
11,550,0.0647386759519577,,,,,
11,551,0.02992495521903038,,,,,
11,552,0.018701259046792984,,,,,
11,553,0.08124997466802597,,,,,
11,554,0.18671482801437378,,,,,
11,555,0.39955416321754456,,,,,
11,556,0.09333934634923935,,,,,
11,557,0.04142969474196434,,,,,
11,558,0.03469644486904144,,,,,
11,559,0.06927090883255005,,,,,
11,560,0.04446195065975189,,,,,
11,561,0.052907735109329224,,,,,
11,562,0.01586969941854477,,,,,
11,563,0.11465270072221756,,,,,
11,564,0.030731666833162308,,,,,
11,565,0.0853874534368515,,,,,
11,566,0.053896207362413406,,,,,
11,567,0.1504795253276825,,,,,
11,568,0.038428474217653275,,,,,
11,569,0.038197606801986694,,,,,
11,570,0.04160882160067558,,,,,
11,571,0.011911710724234581,,,,,
11,572,0.011270033195614815,,,,,
11,573,0.1243516281247139,,,,,
11,574,0.07059358060359955,,,,,
11,575,0.03281797096133232,,,,,
11,576,0.13193809986114502,,,,,
11,577,0.11287790536880493,,,,,
11,578,0.052439913153648376,,,,,
11,579,0.03724250942468643,,,,,
11,580,0.07398615777492523,,,,,
11,581,0.03741540387272835,,,,,
11,582,0.16969884932041168,,,,,
11,583,0.3208227753639221,,,,,
11,584,0.04222216084599495,,,,,
11,585,0.02214953489601612,,,,,
11,586,0.05715324729681015,,,,,
11,587,0.14465060830116272,,,,,
,539,,0.04034499451518059,,,,
,540,,1.1040436029434204,,,,
,541,,0.5649580955505371,,,,
,542,,0.4767882823944092,,,,
,543,,0.18945685029029846,,,,
,544,,0.43632033467292786,,,,
,545,,0.2706013321876526,,,,
,546,,0.07200608402490616,,,,
,547,,0.12139348685741425,,,,
,548,,0.3024574816226959,,,,
,549,,0.049051523208618164,,,,
,550,,0.02691960148513317,,,,
,551,,0.06754591315984726,,,,
,552,,0.22949770092964172,,,,
,553,,0.19819408655166626,,,,
,554,,0.3749625086784363,,,,
,555,,0.04884804040193558,,,,
,556,,0.09899728745222092,,,,
,557,,0.055622633546590805,,,,
,558,,0.015475356951355934,,,,
,559,,0.09410558640956879,,,,
,560,,0.06825331598520279,,,,
,561,,0.01769932731986046,,,,
,562,,0.014588269405066967,,,,
,563,,0.054577771574258804,,,,
,564,,0.037972331047058105,,,,
,565,,0.03191978111863136,,,,
,566,,0.7075570821762085,,,,
,567,,0.3965859115123749,,,,
,568,,0.4586988091468811,,,,
,569,,0.09419156610965729,,,,
,570,,0.18565785884857178,,,,
,571,,0.2757197320461273,,,,
,572,,0.22358596324920654,,,,
,573,,0.2547914981842041,,,,
,574,,0.3575059175491333,,,,
,575,,0.31888553500175476,,,,
,576,,0.1968807578086853,,,,
,577,,0.09202233701944351,,,,
,578,,0.26538485288619995,,,,
,579,,0.3710120916366577,,,,
,580,,0.30869176983833313,,,,
,581,,0.4418904781341553,,,,
,582,,0.056499190628528595,,,,
,583,,0.020012142136693,,,,
,584,,0.017824139446020126,,,,
,585,,0.09571283310651779,,,,
,586,,0.01783209666609764,,,,
,587,,0.0775732770562172,,,,
11,587,,,0.2101452350616455,,,
11,587,,,,0.26530611515045166,0.2448979616165161,0.08384574204683304
12,588,0.14141207933425903,,,,,
12,589,0.13517391681671143,,,,,
12,590,0.09064821153879166,,,,,
12,591,0.10330161452293396,,,,,
12,592,0.1593526303768158,,,,,
12,593,0.015715086832642555,,,,,
12,594,0.028394322842359543,,,,,
12,595,0.011880026198923588,,,,,
12,596,0.009533127769827843,,,,,
12,597,0.02939901128411293,,,,,
12,598,0.009054061956703663,,,,,
12,599,0.1125442385673523,,,,,
12,600,0.07170839607715607,,,,,
12,601,0.12508702278137207,,,,,
12,602,0.2754305303096771,,,,,
12,603,0.10332802683115005,,,,,
12,604,0.20916947722434998,,,,,
12,605,0.007900894619524479,,,,,
12,606,0.017018552869558334,,,,,
12,607,0.03369832783937454,,,,,
12,608,0.07518626004457474,,,,,
12,609,0.09255138784646988,,,,,
12,610,0.08577742427587509,,,,,
12,611,0.018790479749441147,,,,,
12,612,0.010950732976198196,,,,,
12,613,0.01381763257086277,,,,,
12,614,0.042254738509655,,,,,
12,615,0.021559976041316986,,,,,
12,616,0.06626561284065247,,,,,
12,617,0.19535958766937256,,,,,
12,618,0.2016400396823883,,,,,
12,619,0.08581855893135071,,,,,
12,620,0.07290869951248169,,,,,
12,621,0.021606935188174248,,,,,
12,622,0.017115876078605652,,,,,
12,623,0.0748296007514,,,,,
12,624,0.1257954090833664,,,,,
12,625,0.04735484719276428,,,,,
12,626,0.17659255862236023,,,,,
12,627,0.11221170425415039,,,,,
12,628,0.18688152730464935,,,,,
12,629,0.06068781390786171,,,,,
12,630,0.014888222329318523,,,,,
12,631,0.09763403236865997,,,,,
12,632,0.16492627561092377,,,,,
12,633,0.11269328743219376,,,,,
12,634,0.02936522290110588,,,,,
12,635,0.057126790285110474,,,,,
12,636,1.0432956218719482,,,,,
,588,,0.08762190490961075,,,,
,589,,0.795467734336853,,,,
,590,,0.41117262840270996,,,,
,591,,0.34389424324035645,,,,
,592,,0.08330725878477097,,,,
,593,,0.2095547914505005,,,,
,594,,0.05348808690905571,,,,
,595,,0.03003658354282379,,,,
,596,,0.04411448910832405,,,,
,597,,0.026749053969979286,,,,
,598,,0.0378870815038681,,,,
,599,,0.02544987015426159,,,,
,600,,0.02631157450377941,,,,
,601,,0.047449905425310135,,,,
,602,,0.017291231080889702,,,,
,603,,0.04266880080103874,,,,
,604,,0.04241452366113663,,,,
,605,,0.055254559963941574,,,,
,606,,0.040020715445280075,,,,
,607,,0.0298689603805542,,,,
,608,,0.05577365681529045,,,,
,609,,0.033841606229543686,,,,
,610,,0.03438906744122505,,,,
,611,,0.02787545882165432,,,,
,612,,0.04481808468699455,,,,
,613,,0.050061970949172974,,,,
,614,,0.04375547170639038,,,,
,615,,0.39244502782821655,,,,
,616,,0.28700852394104004,,,,
,617,,0.3736589550971985,,,,
,618,,0.03272506967186928,,,,
,619,,0.07015711069107056,,,,
,620,,0.05765369161963463,,,,
,621,,0.06472216546535492,,,,
,622,,0.02986808866262436,,,,
,623,,0.06909359991550446,,,,
,624,,0.06348319351673126,,,,
,625,,0.03600545972585678,,,,
,626,,0.03516253083944321,,,,
,627,,0.020616428926587105,,,,
,628,,0.0666901245713234,,,,
,629,,0.04711629077792168,,,,
,630,,0.1034860759973526,,,,
,631,,0.05242498591542244,,,,
,632,,0.047938112169504166,,,,
,633,,0.04508072882890701,,,,
,634,,0.07032371312379837,,,,
,635,,0.04103968292474747,,,,
,636,,0.06104573234915733,,,,
12,636,,,0.09812825918197632,,,
12,636,,,,0.795918345451355,0.6734693646430969,0.10235992819070816
13,637,0.09760665893554688,,,,,
13,638,0.022833261638879776,,,,,
13,639,0.10199518501758575,,,,,
13,640,0.13294759392738342,,,,,
13,641,0.05199997499585152,,,,,
13,642,0.06517952680587769,,,,,
13,643,0.09106411039829254,,,,,
13,644,0.04615328088402748,,,,,
13,645,0.019428972154855728,,,,,
13,646,0.12116412073373795,,,,,
13,647,0.16678093373775482,,,,,
13,648,0.1555442065000534,,,,,
13,649,0.07188377529382706,,,,,
13,650,0.03271786496043205,,,,,
13,651,0.11572522670030594,,,,,
13,652,0.12015761435031891,,,,,
13,653,0.2670542597770691,,,,,
13,654,0.11912311613559723,,,,,
13,655,0.11468508094549179,,,,,
13,656,0.16222670674324036,,,,,
13,657,0.14585408568382263,,,,,
13,658,0.0275223758071661,,,,,
13,659,0.20637471973896027,,,,,
13,660,0.11889240145683289,,,,,
13,661,0.1022583395242691,,,,,
13,662,0.015213374979794025,,,,,
13,663,0.052516188472509384,,,,,
13,664,0.04230310395359993,,,,,
13,665,0.04062124341726303,,,,,
13,666,0.05621850863099098,,,,,
13,667,0.01735856384038925,,,,,
13,668,0.12437973916530609,,,,,
13,669,0.005496860481798649,,,,,
13,670,0.06412007659673691,,,,,
13,671,0.2632101774215698,,,,,
13,672,0.09067261964082718,,,,,
13,673,0.0860755667090416,,,,,
13,674,0.1138322502374649,,,,,
13,675,0.01603270322084427,,,,,
13,676,0.047775231301784515,,,,,
13,677,0.04796449467539787,,,,,
13,678,0.06413635611534119,,,,,
13,679,0.053538449108600616,,,,,
13,680,0.029964832589030266,,,,,
13,681,0.007069834973663092,,,,,
13,682,0.013614137656986713,,,,,
13,683,0.08921615034341812,,,,,
13,684,0.03204517439007759,,,,,
13,685,0.015672091394662857,,,,,
,637,,0.054489657282829285,,,,
,638,,0.8465662598609924,,,,
,639,,0.44260871410369873,,,,
,640,,0.38885393738746643,,,,
,641,,0.1900353580713272,,,,
,642,,0.19730882346630096,,,,
,643,,0.10756545513868332,,,,
,644,,0.0636419877409935,,,,
,645,,0.10602954775094986,,,,
,646,,0.07126899063587189,,,,
,647,,0.06430546939373016,,,,
,648,,0.01840987615287304,,,,
,649,,0.019410347566008568,,,,
,650,,0.09928127378225327,,,,
,651,,0.03867112100124359,,,,
,652,,0.17494899034500122,,,,
,653,,0.07785176485776901,,,,
,654,,0.14576591551303864,,,,
,655,,0.1647615283727646,,,,
,656,,0.03485587239265442,,,,
,657,,0.10239902883768082,,,,
,658,,0.06012120842933655,,,,
,659,,0.0337306410074234,,,,
,660,,0.031102744862437248,,,,
,661,,0.07268007099628448,,,,
,662,,0.03859802335500717,,,,
,663,,0.06906937062740326,,,,
,664,,0.4850881099700928,,,,
,665,,0.3399595618247986,,,,
,666,,0.4853491187095642,,,,
,667,,0.05985293909907341,,,,
,668,,0.15177595615386963,,,,
,669,,0.14681275188922882,,,,
,670,,0.10068871825933456,,,,
,671,,0.1616450697183609,,,,
,672,,0.06842988729476929,,,,
,673,,0.09836136549711227,,,,
,674,,0.034637510776519775,,,,
,675,,0.06711284071207047,,,,
,676,,0.13224340975284576,,,,
,677,,0.24120807647705078,,,,
,678,,0.18361128866672516,,,,
,679,,0.32694292068481445,,,,
,680,,0.11262589693069458,,,,
,681,,0.11090071499347687,,,,
,682,,0.13022451102733612,,,,
,683,,0.17374786734580994,,,,
,684,,0.1012173444032669,,,,
,685,,0.1326494663953781,,,,
13,685,,,0.1542738676071167,,,
13,685,,,,0.2857142984867096,0.16326530277729034,0.08298412710428238
14,686,0.07074666768312454,,,,,
14,687,0.058616138994693756,,,,,
14,688,0.07320225983858109,,,,,
14,689,0.033966291695833206,,,,,
14,690,0.19650861620903015,,,,,
14,691,0.021362563595175743,,,,,
14,692,0.12027216702699661,,,,,
14,693,0.0821945071220398,,,,,
14,694,0.15222962200641632,,,,,
14,695,0.08958514034748077,,,,,
14,696,0.10104801505804062,,,,,
14,697,0.03057709150016308,,,,,
14,698,0.06208338961005211,,,,,
14,699,0.10516795516014099,,,,,
14,700,0.1591147482395172,,,,,
14,701,0.2298850417137146,,,,,
14,702,0.12018419802188873,,,,,
14,703,0.154208704829216,,,,,
14,704,0.03695755824446678,,,,,
14,705,0.027607662603259087,,,,,
14,706,0.04367474094033241,,,,,
14,707,0.04182969406247139,,,,,
14,708,0.044418200850486755,,,,,
14,709,0.026350049301981926,,,,,
14,710,0.051418486982584,,,,,
14,711,0.009489590302109718,,,,,
14,712,0.11292140930891037,,,,,
14,713,0.056291524320840836,,,,,
14,714,0.01601286418735981,,,,,
14,715,0.36776772141456604,,,,,
14,716,0.05864299088716507,,,,,
14,717,0.02639627456665039,,,,,
14,718,0.017973054200410843,,,,,
14,719,0.10792624205350876,,,,,
14,720,0.013852850534021854,,,,,
14,721,0.07714007794857025,,,,,
14,722,0.3147296905517578,,,,,
14,723,0.03651401773095131,,,,,
14,724,0.06881286948919296,,,,,
14,725,0.12567737698554993,,,,,
14,726,0.04535342752933502,,,,,
14,727,0.032258350402116776,,,,,
14,728,0.0807667225599289,,,,,
14,729,0.04505809023976326,,,,,
14,730,0.1890401989221573,,,,,
14,731,0.032371699810028076,,,,,
14,732,0.07886428385972977,,,,,
14,733,0.1451437920331955,,,,,
14,734,0.05610819160938263,,,,,
,686,,0.03418535366654396,,,,
,687,,0.34898829460144043,,,,
,688,,0.04489147663116455,,,,
,689,,0.03869077190756798,,,,
,690,,0.03939278423786163,,,,
,691,,0.12279060482978821,,,,
,692,,0.04846503585577011,,,,
,693,,0.029584381729364395,,,,
,694,,0.1786375492811203,,,,
,695,,0.04240928217768669,,,,
,696,,0.03604745492339134,,,,
,697,,0.03454417362809181,,,,
,698,,0.03220263496041298,,,,
,699,,0.04821718856692314,,,,
,700,,0.027422094717621803,,,,
,701,,0.04748597368597984,,,,
,702,,0.05324377864599228,,,,
,703,,0.23670127987861633,,,,
,704,,0.1789752095937729,,,,
,705,,0.04546678066253662,,,,
,706,,0.07431089133024216,,,,
,707,,0.03199651464819908,,,,
,708,,0.05034219101071358,,,,
,709,,0.044759802520275116,,,,
,710,,0.058365099132061005,,,,
,711,,0.06553693115711212,,,,
,712,,0.06277569383382797,,,,
,713,,0.19317683577537537,,,,
,714,,0.03283485025167465,,,,
,715,,0.3998185098171234,,,,
,716,,0.033011600375175476,,,,
,717,,0.03415448218584061,,,,
,718,,0.0344415083527565,,,,
,719,,0.038572221994400024,,,,
,720,,0.03445259481668472,,,,
,721,,0.03747287020087242,,,,
,722,,0.03127535432577133,,,,
,723,,0.04750663414597511,,,,
,724,,0.03401447460055351,,,,
,725,,0.04714285209774971,,,,
,726,,0.055519506335258484,,,,
,727,,0.04266081377863884,,,,
,728,,0.06447163969278336,,,,
,729,,0.08402601629495621,,,,
,730,,0.15247578918933868,,,,
,731,,0.14712491631507874,,,,
,732,,0.11901327222585678,,,,
,733,,0.0941917821764946,,,,
,734,,0.14525416493415833,,,,
14,734,,,0.08079677075147629,,,
14,734,,,,0.7755101919174194,0.5102040767669678,0.08670046180486679
15,735,0.5030479431152344,,,,,
15,736,0.11080130189657211,,,,,
15,737,0.03297648951411247,,,,,
15,738,0.03448422625660896,,,,,
15,739,0.03974320739507675,,,,,
15,740,0.05755656212568283,,,,,
15,741,0.04696042090654373,,,,,
15,742,0.011098615825176239,,,,,
15,743,0.0785568580031395,,,,,
15,744,0.1984817087650299,,,,,
15,745,0.33879488706588745,,,,,
15,746,0.04237617924809456,,,,,
15,747,0.1163196936249733,,,,,
15,748,0.12415069341659546,,,,,
15,749,0.03559822216629982,,,,,
15,750,0.0269877091050148,,,,,
15,751,0.028607307001948357,,,,,
15,752,0.05087856575846672,,,,,
15,753,0.09397625923156738,,,,,
15,754,0.020669354125857353,,,,,
15,755,0.17718897759914398,,,,,
15,756,0.04496758058667183,,,,,
15,757,0.08057176321744919,,,,,
15,758,0.01803714595735073,,,,,
15,759,0.09637436270713806,,,,,
15,760,0.0829978659749031,,,,,
15,761,0.08558488637208939,,,,,
15,762,0.16091743111610413,,,,,
15,763,0.015778381377458572,,,,,
15,764,0.031920988112688065,,,,,
15,765,0.021539410576224327,,,,,
15,766,0.021579798310995102,,,,,
15,767,0.07373810559511185,,,,,
15,768,0.11780576407909393,,,,,
15,769,0.027405617758631706,,,,,
15,770,0.021398738026618958,,,,,
15,771,0.11498299986124039,,,,,
15,772,0.048337310552597046,,,,,
15,773,0.04343077912926674,,,,,
15,774,0.025790413841605186,,,,,
15,775,0.33788272738456726,,,,,
15,776,0.03937158361077309,,,,,
15,777,0.016384439542889595,,,,,
15,778,0.04957187920808792,,,,,
15,779,0.048933353275060654,,,,,
15,780,0.061823520809412,,,,,
15,781,0.02846023254096508,,,,,
15,782,0.026534903794527054,,,,,
15,783,0.07420499622821808,,,,,
,735,,0.030512208119034767,,,,
,736,,0.5417481064796448,,,,
,737,,0.23661699891090393,,,,
,738,,0.24703842401504517,,,,
,739,,0.048020876944065094,,,,
,740,,0.06863810867071152,,,,
,741,,0.03693784028291702,,,,
,742,,0.036235567182302475,,,,
,743,,0.047124091535806656,,,,
,744,,0.03972821310162544,,,,
,745,,0.04232402518391609,,,,
,746,,0.05105745792388916,,,,
,747,,0.052973270416259766,,,,
,748,,0.06930006295442581,,,,
,749,,0.05530432611703873,,,,
,750,,0.06116358935832977,,,,
,751,,0.06633506715297699,,,,
,752,,0.06789399683475494,,,,
,753,,0.11172803491353989,,,,
,754,,0.06727919727563858,,,,
,755,,0.0776989609003067,,,,
,756,,0.03014444187283516,,,,
,757,,0.05950816348195076,,,,
,758,,0.05404965952038765,,,,
,759,,0.12178224325180054,,,,
,760,,0.07651323080062866,,,,
,761,,0.06339170038700104,,,,
,762,,0.26510971784591675,,,,
,763,,0.0451040044426918,,,,
,764,,0.5461609363555908,,,,
,765,,0.02695779874920845,,,,
,766,,0.03348758444190025,,,,
,767,,0.03983354568481445,,,,
,768,,0.07944730669260025,,,,
,769,,0.032367873936891556,,,,
,770,,0.03412464261054993,,,,
,771,,0.03244136646389961,,,,
,772,,0.042021360248327255,,,,
,773,,0.024680618196725845,,,,
,774,,0.04468926787376404,,,,
,775,,0.10994289815425873,,,,
,776,,0.05295311287045479,,,,
,777,,0.07311869412660599,,,,
,778,,0.0809677243232727,,,,
,779,,0.11583874374628067,,,,
,780,,0.07952916622161865,,,,
,781,,0.09962989389896393,,,,
,782,,0.06915728002786636,,,,
,783,,0.06832955777645111,,,,
15,783,,,0.09095796942710876,,,
15,783,,,,0.6734693646430969,0.5306122303009033,0.08133839815855026
16,784,0.019288456067442894,,,,,
16,785,0.06512218713760376,,,,,
16,786,0.07727916538715363,,,,,
16,787,0.017661090940237045,,,,,
16,788,0.08601626753807068,,,,,
16,789,0.00974341481924057,,,,,
16,790,0.39398837089538574,,,,,
16,791,0.02372313290834427,,,,,
16,792,0.02951972186565399,,,,,
16,793,0.08465548604726791,,,,,
16,794,0.007294709328562021,,,,,
16,795,0.060473889112472534,,,,,
16,796,0.008696205914020538,,,,,
16,797,0.02888740599155426,,,,,
16,798,0.023699020966887474,,,,,
16,799,0.05185887962579727,,,,,
16,800,0.05693838372826576,,,,,
16,801,0.06349911540746689,,,,,
16,802,0.05389205738902092,,,,,
16,803,0.15288934111595154,,,,,
16,804,0.031223617494106293,,,,,
16,805,0.2625022828578949,,,,,
16,806,0.0429222509264946,,,,,
16,807,0.01933058723807335,,,,,
16,808,0.03289990499615669,,,,,
16,809,0.07353226840496063,,,,,
16,810,0.029732326045632362,,,,,
16,811,0.29222458600997925,,,,,
16,812,0.0660373792052269,,,,,
16,813,0.032058198004961014,,,,,
16,814,0.024030987173318863,,,,,
16,815,0.03730638697743416,,,,,
16,816,0.06406509131193161,,,,,
16,817,0.11451876908540726,,,,,
16,818,0.05597269535064697,,,,,
16,819,0.12031657248735428,,,,,
16,820,0.011576519347727299,,,,,
16,821,0.025426041334867477,,,,,
16,822,0.03211754932999611,,,,,
16,823,0.014350063167512417,,,,,
16,824,0.009350001811981201,,,,,
16,825,0.03443581610918045,,,,,
16,826,0.012914435938000679,,,,,
16,827,0.04409271851181984,,,,,
16,828,0.027546383440494537,,,,,
16,829,0.17312276363372803,,,,,
16,830,0.04430500790476799,,,,,
16,831,0.016177646815776825,,,,,
16,832,0.030992040410637856,,,,,
,784,,0.032688360661268234,,,,
,785,,0.8648980259895325,,,,
,786,,0.08163552731275558,,,,
,787,,0.11232583224773407,,,,
,788,,0.10230658203363419,,,,
,789,,0.0937173068523407,,,,
,790,,0.04475287348031998,,,,
,791,,0.03856362774968147,,,,
,792,,0.0478317067027092,,,,
,793,,0.035696566104888916,,,,
,794,,0.03895670548081398,,,,
,795,,0.03622843697667122,,,,
,796,,0.041496146470308304,,,,
,797,,0.0645778700709343,,,,
,798,,0.03755633160471916,,,,
,799,,0.052975982427597046,,,,
,800,,0.05307503044605255,,,,
,801,,0.048100754618644714,,,,
,802,,0.11831104010343552,,,,
,803,,0.05327530950307846,,,,
,804,,0.06412959098815918,,,,
,805,,0.02903764508664608,,,,
,806,,0.05124605819582939,,,,
,807,,0.038410287350416183,,,,
,808,,0.11041299253702164,,,,
,809,,0.05555390194058418,,,,
,810,,0.04574650153517723,,,,
,811,,0.3696821331977844,,,,
,812,,0.046354398131370544,,,,
,813,,0.21394723653793335,,,,
,814,,0.029552454128861427,,,,
,815,,0.046526484191417694,,,,
,816,,0.03335152566432953,,,,
,817,,0.04563746228814125,,,,
,818,,0.030837005004286766,,,,
,819,,0.02609207294881344,,,,
,820,,0.024278050288558006,,,,
,821,,0.03395805507898331,,,,
,822,,0.027339361608028412,,,,
,823,,0.02776576206088066,,,,
,824,,0.09583433717489243,,,,
,825,,0.05047024041414261,,,,
,826,,0.05922241508960724,,,,
,827,,0.07383905351161957,,,,
,828,,0.12181610614061356,,,,
,829,,0.0857887789607048,,,,
,830,,0.1055154949426651,,,,
,831,,0.06234676390886307,,,,
,832,,0.0740249827504158,,,,
16,832,,,0.08321810513734818,,,
16,832,,,,0.5306122303009033,0.4285714328289032,0.06306545436382294
17,833,0.020647382363677025,,,,,
17,834,0.0442342683672905,,,,,
17,835,0.037721771746873856,,,,,
17,836,0.07305897027254105,,,,,
17,837,0.00890990812331438,,,,,
17,838,0.023299776017665863,,,,,
17,839,0.056302569806575775,,,,,
17,840,0.0441230945289135,,,,,
17,841,0.016864696517586708,,,,,
17,842,0.02511194534599781,,,,,
17,843,0.040845900774002075,,,,,
17,844,0.05094548687338829,,,,,
17,845,0.08028911054134369,,,,,
17,846,0.06109612062573433,,,,,
17,847,0.05906187370419502,,,,,
17,848,0.13478028774261475,,,,,
17,849,0.007456053048372269,,,,,
17,850,0.15870614349842072,,,,,
17,851,0.04930106922984123,,,,,
17,852,0.06380417943000793,,,,,
17,853,0.03054008074104786,,,,,
17,854,0.020346051082015038,,,,,
17,855,0.03728700801730156,,,,,
17,856,0.06283815205097198,,,,,
17,857,0.0072204614989459515,,,,,
17,858,0.2391895055770874,,,,,
17,859,0.06026081740856171,,,,,
17,860,0.09571237117052078,,,,,
17,861,0.07038699835538864,,,,,
17,862,0.01814395748078823,,,,,
17,863,0.028979767113924026,,,,,
17,864,0.24252530932426453,,,,,
17,865,0.0069911889731884,,,,,
17,866,0.10160689055919647,,,,,
17,867,0.0755477324128151,,,,,
17,868,0.02656221203505993,,,,,
17,869,0.03428683429956436,,,,,
17,870,0.19284802675247192,,,,,
17,871,0.01286233775317669,,,,,
17,872,0.030273865908384323,,,,,
17,873,0.09623664617538452,,,,,
17,874,0.02567346952855587,,,,,
17,875,0.1960270255804062,,,,,
17,876,0.05452033877372742,,,,,
17,877,0.03357677161693573,,,,,
17,878,0.21781569719314575,,,,,
17,879,0.0669807642698288,,,,,
17,880,0.03024226427078247,,,,,
17,881,0.05517320707440376,,,,,
,833,,0.04947170242667198,,,,
,834,,0.6978855729103088,,,,
,835,,0.923494815826416,,,,
,836,,0.9788248538970947,,,,
,837,,0.03750831261277199,,,,
,838,,0.10763230174779892,,,,
,839,,0.08216862380504608,,,,
,840,,0.03496738150715828,,,,
,841,,0.03657245635986328,,,,
,842,,0.03303281590342522,,,,
,843,,0.03651196509599686,,,,
,844,,0.029098471626639366,,,,
,845,,0.030991697683930397,,,,
,846,,0.040076844394207,,,,
,847,,0.0190628282725811,,,,
,848,,0.03997315093874931,,,,
,849,,0.03859646990895271,,,,
,850,,0.029567766934633255,,,,
,851,,0.03389982506632805,,,,
,852,,0.024271290749311447,,,,
,853,,0.04189780727028847,,,,
,854,,0.03025435283780098,,,,
,855,,0.02599082887172699,,,,
,856,,0.016572171822190285,,,,
,857,,0.035812895745038986,,,,
,858,,0.02690276689827442,,,,
,859,,0.031088411808013916,,,,
,860,,0.3081132769584656,,,,
,861,,0.04763117432594299,,,,
,862,,0.4409637749195099,,,,
,863,,0.02823294699192047,,,,
,864,,0.020477671176195145,,,,
,865,,0.05780231952667236,,,,
,866,,0.18053552508354187,,,,
,867,,0.027290984988212585,,,,
,868,,0.027329975739121437,,,,
,869,,0.025646254420280457,,,,
,870,,0.03292129188776016,,,,
,871,,0.07790911942720413,,,,
,872,,0.01843915320932865,,,,
,873,,0.0419028177857399,,,,
,874,,0.03538735210895538,,,,
,875,,0.029223740100860596,,,,
,876,,0.03854798153042793,,,,
,877,,0.027333801612257957,,,,
,878,,0.02779398299753666,,,,
,879,,0.04031054675579071,,,,
,880,,0.019769171252846718,,,,
,881,,0.04128963500261307,,,,
17,881,,,0.10422410070896149,,,
17,881,,,,0.8571428656578064,0.7142857313156128,0.06586156040430069
18,882,0.055828195065259933,,,,,
18,883,0.07160734385251999,,,,,
18,884,0.022172847762703896,,,,,
18,885,0.06109623238444328,,,,,
18,886,0.16369330883026123,,,,,
18,887,0.05501026287674904,,,,,
18,888,0.06610876321792603,,,,,
18,889,0.06944578886032104,,,,,
18,890,0.08691366016864777,,,,,
18,891,0.1179012879729271,,,,,
18,892,0.05388651043176651,,,,,
18,893,0.10883384943008423,,,,,
18,894,0.09759203344583511,,,,,
18,895,0.018351446837186813,,,,,
18,896,0.07005362212657928,,,,,
18,897,0.028375623747706413,,,,,
18,898,0.0623503141105175,,,,,
18,899,0.23134778439998627,,,,,
18,900,0.24058949947357178,,,,,
18,901,0.016913987696170807,,,,,
18,902,0.1531645506620407,,,,,
18,903,0.05664806440472603,,,,,
18,904,0.00659513333812356,,,,,
18,905,0.040726933628320694,,,,,
18,906,0.1749187707901001,,,,,
18,907,0.024622878059744835,,,,,
18,908,0.043945327401161194,,,,,
18,909,0.025671884417533875,,,,,
18,910,0.07443060725927353,,,,,
18,911,0.030951499938964844,,,,,
18,912,0.0522681400179863,,,,,
18,913,0.048119448125362396,,,,,
18,914,0.05619341507554054,,,,,
18,915,0.0778188705444336,,,,,
18,916,0.045716989785432816,,,,,
18,917,0.05704832449555397,,,,,
18,918,0.018605399876832962,,,,,
18,919,0.27917081117630005,,,,,
18,920,0.05751568451523781,,,,,
18,921,0.04999507963657379,,,,,
18,922,0.0570472814142704,,,,,
18,923,0.017434636130928993,,,,,
18,924,0.10326870530843735,,,,,
18,925,0.18849274516105652,,,,,
18,926,0.048729777336120605,,,,,
18,927,0.041938405483961105,,,,,
18,928,0.08791173994541168,,,,,
18,929,0.041941020637750626,,,,,
18,930,0.038796257227659225,,,,,
,882,,0.34528523683547974,,,,
,883,,0.45755186676979065,,,,
,884,,0.10953015089035034,,,,
,885,,0.09235405176877975,,,,
,886,,0.030467286705970764,,,,
,887,,0.06502394378185272,,,,
,888,,0.02941766008734703,,,,
,889,,0.036111682653427124,,,,
,890,,0.04341493546962738,,,,
,891,,0.03127453848719597,,,,
,892,,0.04495220258831978,,,,
,893,,0.021994447335600853,,,,
,894,,0.023133505135774612,,,,
,895,,0.0512881800532341,,,,
,896,,0.014192954637110233,,,,
,897,,0.04822121933102608,,,,
,898,,0.0523795448243618,,,,
,899,,0.040779709815979004,,,,
,900,,0.04724361002445221,,,,
,901,,0.021208463236689568,,,,
,902,,0.056900233030319214,,,,
,903,,0.031970828771591187,,,,
,904,,0.021070968359708786,,,,
,905,,0.015099070966243744,,,,
,906,,0.10509780794382095,,,,
,907,,0.23973150551319122,,,,
,908,,0.3130533695220947,,,,
,909,,0.22893358767032623,,,,
,910,,0.018729161471128464,,,,
,911,,0.46482333540916443,,,,
,912,,0.03182290494441986,,,,
,913,,0.016899220645427704,,,,
,914,,0.01963484287261963,,,,
,915,,0.03952282294631004,,,,
,916,,0.023998495191335678,,,,
,917,,0.02085684798657894,,,,
,918,,0.017440970987081528,,,,
,919,,0.028902292251586914,,,,
,920,,0.02740689367055893,,,,
,921,,0.013521790504455566,,,,
,922,,0.051531728357076645,,,,
,923,,0.03705447539687157,,,,
,924,,0.027763979509472847,,,,
,925,,0.05028239265084267,,,,
,926,,0.021170599386096,,,,
,927,,0.02391018345952034,,,,
,928,,0.05483483523130417,,,,
,929,,0.016320182010531425,,,,
,930,,0.05488099902868271,,,,
18,930,,,0.075081467628479,,,
18,930,,,,0.8163265585899353,0.6530612111091614,0.07546449452638626
