step,csv-train_loss_step,csv-epoch,csv-val_loss_step,csv-val_loss_epoch,csv-train_loss_epoch,csv-accuracy/validator,csv-accuracy/exact
0,2.602022647857666,0,,,,,
1,2.338376045227051,0,,,,,
2,2.503605604171753,0,,,,,
3,2.3367831707000732,0,,,,,
4,2.156324863433838,0,,,,,
5,2.198570728302002,0,,,,,
6,1.9821654558181763,0,,,,,
7,2.043774127960205,0,,,,,
8,1.9089179039001465,0,,,,,
9,1.9500330686569214,0,,,,,
10,1.9146902561187744,0,,,,,
11,1.8890466690063477,0,,,,,
12,1.7298365831375122,0,,,,,
13,1.6696162223815918,0,,,,,
14,1.748232126235962,0,,,,,
15,1.631227970123291,0,,,,,
16,1.4486042261123657,0,,,,,
17,1.539283275604248,0,,,,,
18,1.5435360670089722,0,,,,,
19,1.5084115266799927,0,,,,,
0,,,1.1837493181228638,,,,
1,,,1.1977344751358032,,,,
2,,,0.9748151302337646,,,,
19,,0,,1.1566482782363892,,,
19,,0,,,1.9430184364318848,0.0,0.0
20,1.5451396703720093,1,,,,,
21,1.4943742752075195,1,,,,,
22,1.4482234716415405,1,,,,,
23,1.4000507593154907,1,,,,,
24,1.391152024269104,1,,,,,
25,1.4231511354446411,1,,,,,
26,1.3961948156356812,1,,,,,
27,1.3603825569152832,1,,,,,
28,1.2272409200668335,1,,,,,
29,1.2775170803070068,1,,,,,
30,1.2520644664764404,1,,,,,
31,1.1198605298995972,1,,,,,
32,1.162283182144165,1,,,,,
33,1.1303075551986694,1,,,,,
34,1.1204620599746704,1,,,,,
35,1.086230993270874,1,,,,,
36,1.0785194635391235,1,,,,,
37,1.1417255401611328,1,,,,,
38,1.0952847003936768,1,,,,,
39,1.1041921377182007,1,,,,,
3,,,0.793593168258667,,,,
4,,,0.8508164286613464,,,,
5,,,0.6065967082977295,,,,
39,,1,,0.7881614565849304,,,
39,,1,,,1.2667826414108276,0.0,0.0
40,0.9437891244888306,2,,,,,
41,0.9436900615692139,2,,,,,
42,0.9450851678848267,2,,,,,
43,0.9490125775337219,2,,,,,
44,0.894865870475769,2,,,,,
45,0.8707050681114197,2,,,,,
46,0.8617488145828247,2,,,,,
47,0.9266446828842163,2,,,,,
48,0.8326148986816406,2,,,,,
49,0.7945261001586914,2,,,,,
50,0.809013843536377,2,,,,,
51,0.77458655834198,2,,,,,
52,0.6983370184898376,2,,,,,
53,0.8827704787254333,2,,,,,
54,0.8441076278686523,2,,,,,
55,0.7567036151885986,2,,,,,
56,0.8809651136398315,2,,,,,
57,0.6886501312255859,2,,,,,
58,0.7227113842964172,2,,,,,
59,0.813575804233551,2,,,,,
6,,,0.5672938823699951,,,,
7,,,0.6456749439239502,,,,
8,,,0.3749220073223114,,,,
59,,2,,0.5699219703674316,,,
59,,2,,,0.8424264192581177,0.0,0.0
60,0.6855725646018982,3,,,,,
61,0.5893781781196594,3,,,,,
62,0.7904101610183716,3,,,,,
63,0.6638981103897095,3,,,,,
64,0.7901583313941956,3,,,,,
65,0.8909817337989807,3,,,,,
66,0.6660284399986267,3,,,,,
67,0.5865491628646851,3,,,,,
68,0.5019087195396423,3,,,,,
69,0.515521764755249,3,,,,,
70,0.49836084246635437,3,,,,,
71,0.5730729103088379,3,,,,,
72,0.5293261408805847,3,,,,,
73,0.5397173166275024,3,,,,,
74,0.6824939846992493,3,,,,,
75,0.5524478554725647,3,,,,,
76,0.5367053151130676,3,,,,,
77,0.38522300124168396,3,,,,,
78,0.5115707516670227,3,,,,,
79,0.44853460788726807,3,,,,,
9,,,0.395376056432724,,,,
10,,,0.49476104974746704,,,,
11,,,0.15210124850273132,,,,
79,,3,,0.3988105356693268,,,
79,,3,,,0.6006971001625061,0.0,0.0
80,0.4683871567249298,4,,,,,
81,0.5790400505065918,4,,,,,
82,0.4703422486782074,4,,,,,
83,0.45230987668037415,4,,,,,
84,0.42916494607925415,4,,,,,
85,0.41598376631736755,4,,,,,
86,0.5798977613449097,4,,,,,
87,0.33450040221214294,4,,,,,
88,0.3497736155986786,4,,,,,
89,0.3451578915119171,4,,,,,
90,0.4289461076259613,4,,,,,
91,0.6383762359619141,4,,,,,
92,0.38361915946006775,4,,,,,
93,0.29508882761001587,4,,,,,
94,0.25580424070358276,4,,,,,
95,0.5127845406532288,4,,,,,
96,0.4550476372241974,4,,,,,
97,0.5142830014228821,4,,,,,
98,0.32208460569381714,4,,,,,
99,0.511716902256012,4,,,,,
12,,,0.19754277169704437,,,,
13,,,0.3206045627593994,,,,
14,,,0.09302683174610138,,,,
99,,4,,0.23285575211048126,,,
99,,4,,,0.43520256876945496,0.0,0.0
100,0.397858202457428,5,,,,,
101,0.41253340244293213,5,,,,,
102,0.23902955651283264,5,,,,,
103,0.29114437103271484,5,,,,,
104,0.4228585660457611,5,,,,,
105,0.24925099313259125,5,,,,,
106,0.22851115465164185,5,,,,,
107,0.20731984078884125,5,,,,,
108,0.20080183446407318,5,,,,,
109,0.33921852707862854,5,,,,,
110,0.4625936448574066,5,,,,,
111,0.44485294818878174,5,,,,,
112,0.24052031338214874,5,,,,,
113,0.18514566123485565,5,,,,,
114,0.27977269887924194,5,,,,,
115,0.36904212832450867,5,,,,,
116,0.27255845069885254,5,,,,,
117,0.24414484202861786,5,,,,,
118,0.21487505733966827,5,,,,,
119,0.310092955827713,5,,,,,
15,,,0.12986385822296143,,,,
16,,,0.2504768967628479,,,,
17,,,0.055772244930267334,,,,
119,,5,,0.16894961893558502,,,
119,,5,,,0.30036303400993347,0.0833333358168602,0.0416666679084301
120,0.24956673383712769,6,,,,,
121,0.1794389933347702,6,,,,,
122,0.34389835596084595,6,,,,,
123,0.15683363378047943,6,,,,,
124,0.26019996404647827,6,,,,,
125,0.20510560274124146,6,,,,,
126,0.29798781871795654,6,,,,,
127,0.23314626514911652,6,,,,,
128,0.1424616277217865,6,,,,,
129,0.17726047337055206,6,,,,,
130,0.18376880884170532,6,,,,,
131,0.226273775100708,6,,,,,
132,0.2683105766773224,6,,,,,
133,0.2299814224243164,6,,,,,
134,0.3007023334503174,6,,,,,
135,0.2593601644039154,6,,,,,
136,0.25368136167526245,6,,,,,
137,0.10254058241844177,6,,,,,
138,0.17068146169185638,6,,,,,
139,0.17775958776474,6,,,,,
18,,,0.0805959701538086,,,,
19,,,0.1816880851984024,,,,
20,,,0.03136814758181572,,,,
139,,6,,0.11538825184106827,,,
139,,6,,,0.2220553606748581,0.375,0.3333333432674408
140,0.107994943857193,7,,,,,
141,0.21318234503269196,7,,,,,
142,0.18198633193969727,7,,,,,
143,0.09029228985309601,7,,,,,
144,0.12175251543521881,7,,,,,
145,0.09382451325654984,7,,,,,
146,0.14486832916736603,7,,,,,
147,0.22378668189048767,7,,,,,
148,0.2643357813358307,7,,,,,
149,0.3058955669403076,7,,,,,
150,0.2054617553949356,7,,,,,
151,0.09539418667554855,7,,,,,
152,0.12676554918289185,7,,,,,
153,0.14637675881385803,7,,,,,
154,0.2018706053495407,7,,,,,
155,0.1695164293050766,7,,,,,
156,0.23789384961128235,7,,,,,
157,0.31808945536613464,7,,,,,
158,0.1256721466779709,7,,,,,
159,0.19453759491443634,7,,,,,
21,,,0.06700319051742554,,,,
22,,,0.14622169733047485,,,,
23,,,0.023409578949213028,,,,
159,,7,,0.09347514808177948,,,
159,,7,,,0.1780630201101303,0.75,0.7083333134651184
160,0.26645466685295105,8,,,,,
161,0.23895496129989624,8,,,,,
162,0.15947982668876648,8,,,,,
163,0.23791372776031494,8,,,,,
164,0.12732848525047302,8,,,,,
165,0.18063382804393768,8,,,,,
166,0.13457873463630676,8,,,,,
167,0.11659146100282669,8,,,,,
168,0.2560935616493225,8,,,,,
169,0.08255498856306076,8,,,,,
170,0.17857316136360168,8,,,,,
171,0.08475644141435623,8,,,,,
172,0.08011041581630707,8,,,,,
173,0.17468926310539246,8,,,,,
174,0.14974841475486755,8,,,,,
175,0.1384299248456955,8,,,,,
176,0.10150180757045746,8,,,,,
177,0.09276759624481201,8,,,,,
178,0.22442053258419037,8,,,,,
179,0.0598594956099987,8,,,,,
24,,,0.04987918213009834,,,,
25,,,0.14151796698570251,,,,
26,,,0.007870838046073914,,,,
179,,8,,0.08183103799819946,,,
179,,8,,,0.15669287741184235,0.7916666865348816,0.75
180,0.20710165798664093,9,,,,,
181,0.09870318323373795,9,,,,,
182,0.07555630803108215,9,,,,,
183,0.38623690605163574,9,,,,,
184,0.2578480541706085,9,,,,,
185,0.15833666920661926,9,,,,,
186,0.16566327214241028,9,,,,,
187,0.03801879286766052,9,,,,,
188,0.08383359760046005,9,,,,,
189,0.10494117438793182,9,,,,,
190,0.11344333738088608,9,,,,,
191,0.0840706080198288,9,,,,,
192,0.137143075466156,9,,,,,
193,0.11450229585170746,9,,,,,
194,0.07378356903791428,9,,,,,
195,0.08020790666341782,9,,,,,
196,0.11853447556495667,9,,,,,
197,0.06456082314252853,9,,,,,
198,0.12415530532598495,9,,,,,
199,0.051482122391462326,9,,,,,
27,,,0.04941399767994881,,,,
28,,,0.12469399720430374,,,,
29,,,0.007974836975336075,,,,
199,,9,,0.07456781715154648,,,
199,,9,,,0.1288401037454605,0.9166666865348816,0.875
200,0.16293279826641083,10,,,,,
201,0.05419304221868515,10,,,,,
202,0.1475919485092163,10,,,,,
203,0.08269873261451721,10,,,,,
204,0.08774677664041519,10,,,,,
205,0.06964603811502457,10,,,,,
206,0.06877421587705612,10,,,,,
207,0.1346026211977005,10,,,,,
208,0.1181875616312027,10,,,,,
209,0.08438355475664139,10,,,,,
210,0.14140580594539642,10,,,,,
211,0.23318220674991608,10,,,,,
212,0.1188962459564209,10,,,,,
213,0.10146381705999374,10,,,,,
214,0.1707683652639389,10,,,,,
215,0.1195458322763443,10,,,,,
216,0.12054968625307083,10,,,,,
217,0.12548476457595825,10,,,,,
218,0.1387222707271576,10,,,,,
219,0.06795872747898102,10,,,,,
30,,,0.036584071815013885,,,,
31,,,0.1100592166185379,,,,
32,,,0.005405238829553127,,,,
219,,10,,0.06259799748659134,,,
219,,10,,,0.11870542168617249,1.0,0.9583333134651184
220,0.10368742793798447,11,,,,,
221,0.10312552005052567,11,,,,,
222,0.06400931626558304,11,,,,,
223,0.08572495728731155,11,,,,,
224,0.08780888468027115,11,,,,,
225,0.0958462506532669,11,,,,,
226,0.10469882935285568,11,,,,,
227,0.08727896958589554,11,,,,,
228,0.05239039659500122,11,,,,,
229,0.194999560713768,11,,,,,
230,0.11821931600570679,11,,,,,
231,0.11112826317548752,11,,,,,
232,0.12036504596471786,11,,,,,
233,0.13175339996814728,11,,,,,
234,0.08138672262430191,11,,,,,
235,0.1529093235731125,11,,,,,
236,0.09024211764335632,11,,,,,
237,0.07304664701223373,11,,,,,
238,0.0819474384188652,11,,,,,
239,0.06174086034297943,11,,,,,
33,,,0.03251359984278679,,,,
34,,,0.11709274351596832,,,,
35,,,0.006540223024785519,,,,
239,,11,,0.06402481347322464,,,
239,,11,,,0.1010994240641594,1.0,0.9583333134651184
240,0.10567235201597214,12,,,,,
241,0.09291955083608627,12,,,,,
242,0.2786252498626709,12,,,,,
243,0.09838757663965225,12,,,,,
244,0.04892348870635033,12,,,,,
245,0.08408617973327637,12,,,,,
246,0.07686889171600342,12,,,,,
247,0.1944824457168579,12,,,,,
248,0.11641716212034225,12,,,,,
249,0.1144990473985672,12,,,,,
250,0.08246162533760071,12,,,,,
251,0.08838599920272827,12,,,,,
252,0.12472210824489594,12,,,,,
253,0.05849757790565491,12,,,,,
254,0.08659207820892334,12,,,,,
255,0.0901305079460144,12,,,,,
256,0.050012748688459396,12,,,,,
257,0.038783226162195206,12,,,,,
258,0.05257550999522209,12,,,,,
259,0.1313636749982834,12,,,,,
36,,,0.029823748394846916,,,,
37,,,0.09826494008302689,,,,
38,,,0.00273086572997272,,,,
259,,12,,0.05436326190829277,,,
259,,12,,,0.09993461519479752,0.75,0.7083333134651184
260,0.1650499701499939,13,,,,,
261,0.08306235820055008,13,,,,,
262,0.12811028957366943,13,,,,,
263,0.17901508510112762,13,,,,,
264,0.02589130587875843,13,,,,,
265,0.050928760319948196,13,,,,,
266,0.08891377598047256,13,,,,,
267,0.056597936898469925,13,,,,,
268,0.152384415268898,13,,,,,
269,0.09988412261009216,13,,,,,
270,0.12634441256523132,13,,,,,
271,0.044145114719867706,13,,,,,
272,0.07317224889993668,13,,,,,
273,0.09237272292375565,13,,,,,
274,0.0825737714767456,13,,,,,
275,0.06626157462596893,13,,,,,
276,0.09670739620923996,13,,,,,
277,0.07434294372797012,13,,,,,
278,0.059516049921512604,13,,,,,
279,0.01698715053498745,13,,,,,
39,,,0.026687392964959145,,,,
40,,,0.09313511848449707,,,,
41,,,0.005694595165550709,,,,
279,,13,,0.051350727677345276,,,
279,,13,,,0.08993681520223618,1.0,0.9583333134651184
280,0.061420779675245285,14,,,,,
281,0.049112364649772644,14,,,,,
282,0.05931691825389862,14,,,,,
283,0.08276153355836868,14,,,,,
284,0.1199609711766243,14,,,,,
285,0.0835900604724884,14,,,,,
286,0.10871893167495728,14,,,,,
287,0.1250007450580597,14,,,,,
288,0.06713652610778809,14,,,,,
289,0.14585894346237183,14,,,,,
290,0.030722929164767265,14,,,,,
291,0.11875992268323898,14,,,,,
292,0.06649857014417648,14,,,,,
293,0.022627774626016617,14,,,,,
294,0.10131252557039261,14,,,,,
295,0.1353173702955246,14,,,,,
296,0.12077564746141434,14,,,,,
297,0.05948875471949577,14,,,,,
298,0.06048953905701637,14,,,,,
299,0.09033426642417908,14,,,,,
42,,,0.03209073469042778,,,,
43,,,0.09794234484434128,,,,
44,,,0.0036915610544383526,,,,
299,,14,,0.05533364415168762,,,
299,,14,,,0.08533526957035065,0.8333333134651184,0.8333333134651184
300,0.06220448017120361,15,,,,,
301,0.10202506184577942,15,,,,,
302,0.028683314099907875,15,,,,,
303,0.1306922882795334,15,,,,,
304,0.04774988070130348,15,,,,,
305,0.09003713726997375,15,,,,,
306,0.040718939155340195,15,,,,,
307,0.07474265247583389,15,,,,,
308,0.11193620413541794,15,,,,,
309,0.025529801845550537,15,,,,,
310,0.03189140558242798,15,,,,,
311,0.11564146727323532,15,,,,,
312,0.03774813562631607,15,,,,,
313,0.02717091515660286,15,,,,,
314,0.05506742745637894,15,,,,,
315,0.10747479647397995,15,,,,,
316,0.03305136039853096,15,,,,,
317,0.18058240413665771,15,,,,,
318,0.09737344086170197,15,,,,,
319,0.01094632688909769,15,,,,,
45,,,0.026958564296364784,,,,
46,,,0.10455133765935898,,,,
47,,,0.0022721881978213787,,,,
319,,15,,0.05573135241866112,,,
319,,15,,,0.07209201157093048,0.9583333134651184,0.9166666865348816
320,0.01609211042523384,16,,,,,
321,0.05901363864541054,16,,,,,
322,0.16800738871097565,16,,,,,
323,0.01479281485080719,16,,,,,
324,0.02149566262960434,16,,,,,
325,0.06820651888847351,16,,,,,
326,0.018037494271993637,16,,,,,
327,0.08335425704717636,16,,,,,
328,0.07290337979793549,16,,,,,
329,0.1286771297454834,16,,,,,
330,0.1169380247592926,16,,,,,
331,0.05373843014240265,16,,,,,
332,0.05234362185001373,16,,,,,
333,0.06930354982614517,16,,,,,
334,0.07076196372509003,16,,,,,
335,0.06835934519767761,16,,,,,
336,0.10921738296747208,16,,,,,
337,0.13323159515857697,16,,,,,
338,0.0326499305665493,16,,,,,
339,0.08549868315458298,16,,,,,
48,,,0.02382827363908291,,,,
49,,,0.07742945849895477,,,,
50,,,0.0053480202332139015,,,,
339,,16,,0.04347926005721092,,,
339,,16,,,0.07178838551044464,0.9583333134651184,0.9166666865348816
340,0.08332429826259613,17,,,,,
341,0.05061352625489235,17,,,,,
342,0.019066406413912773,17,,,,,
343,0.09237325936555862,17,,,,,
344,0.03213026374578476,17,,,,,
345,0.04112253710627556,17,,,,,
346,0.07233475893735886,17,,,,,
347,0.02196316607296467,17,,,,,
348,0.06732495129108429,17,,,,,
349,0.04319293424487114,17,,,,,
350,0.0811467170715332,17,,,,,
351,0.11686227470636368,17,,,,,
352,0.02881951443850994,17,,,,,
353,0.07222583889961243,17,,,,,
354,0.05405494198203087,17,,,,,
355,0.12842579185962677,17,,,,,
356,0.13435834646224976,17,,,,,
357,0.08944324404001236,17,,,,,
358,0.02442210726439953,17,,,,,
359,0.020933352410793304,17,,,,,
51,,,0.026567896828055382,,,,
52,,,0.08608998358249664,,,,
53,,,0.003572436748072505,,,,
359,,17,,0.04799896851181984,,,
359,,17,,,0.06480365991592407,1.0,0.9583333134651184
360,0.03479350730776787,18,,,,,
361,0.08254314959049225,18,,,,,
362,0.061893075704574585,18,,,,,
363,0.10565098375082016,18,,,,,
364,0.05424923822283745,18,,,,,
365,0.06302405148744583,18,,,,,
366,0.038390666246414185,18,,,,,
367,0.02160303108394146,18,,,,,
368,0.07596112042665482,18,,,,,
369,0.060616977512836456,18,,,,,
370,0.0741766095161438,18,,,,,
371,0.09830673784017563,18,,,,,
372,0.021854212507605553,18,,,,,
373,0.023501567542552948,18,,,,,
374,0.08858351409435272,18,,,,,
375,0.02065148763358593,18,,,,,
376,0.13350965082645416,18,,,,,
377,0.07535520941019058,18,,,,,
378,0.13639555871486664,18,,,,,
379,0.010042216628789902,18,,,,,
54,,,0.021589452400803566,,,,
55,,,0.06946603208780289,,,,
56,,,0.004189604427665472,,,,
379,,18,,0.03900066763162613,,,
379,,18,,,0.06544007360935211,0.9166666865348816,0.9166666865348816
380,0.01628035679459572,19,,,,,
381,0.13323582708835602,19,,,,,
382,0.018560966476798058,19,,,,,
383,0.10465610772371292,19,,,,,
384,0.026857489719986916,19,,,,,
385,0.06115811690688133,19,,,,,
386,0.04380963742733002,19,,,,,
387,0.03586103394627571,19,,,,,
388,0.07150179147720337,19,,,,,
389,0.04261881858110428,19,,,,,
390,0.05508644878864288,19,,,,,
391,0.045972954481840134,19,,,,,
392,0.037938233464956284,19,,,,,
393,0.06169098988175392,19,,,,,
394,0.0502115860581398,19,,,,,
395,0.12248068302869797,19,,,,,
396,0.0607905313372612,19,,,,,
397,0.037510450929403305,19,,,,,
398,0.0802728459239006,19,,,,,
399,0.02210911549627781,19,,,,,
57,,,0.023401886224746704,,,,
58,,,0.07774773240089417,,,,
59,,,0.0029947322327643633,,,,
399,,19,,0.04306216537952423,,,
399,,19,,,0.05731021985411644,0.9166666865348816,0.875
400,0.04242539778351784,20,,,,,
401,0.08766423910856247,20,,,,,
402,0.0476602241396904,20,,,,,
403,0.04117660969495773,20,,,,,
404,0.04697154834866524,20,,,,,
405,0.020222894847393036,20,,,,,
406,0.18650278449058533,20,,,,,
407,0.025418877601623535,20,,,,,
408,0.029740314930677414,20,,,,,
409,0.04250479117035866,20,,,,,
410,0.018995653837919235,20,,,,,
411,0.015233994461596012,20,,,,,
412,0.13346946239471436,20,,,,,
413,0.1426153928041458,20,,,,,
414,0.06846540421247482,20,,,,,
415,0.028912873938679695,20,,,,,
416,0.046454381197690964,20,,,,,
417,0.06851225346326828,20,,,,,
418,0.04610403999686241,20,,,,,
419,0.054964419454336166,20,,,,,
60,,,0.03048890456557274,,,,
61,,,0.06754261255264282,,,,
62,,,0.004062979482114315,,,,
419,,20,,0.04191794991493225,,,
419,,20,,,0.05982222408056259,0.9583333134651184,0.9166666865348816
420,0.11542617529630661,21,,,,,
421,0.0707230418920517,21,,,,,
422,0.03381158784031868,21,,,,,
423,0.03770161047577858,21,,,,,
424,0.07619038969278336,21,,,,,
425,0.021228507161140442,21,,,,,
426,0.08007417619228363,21,,,,,
427,0.12112314999103546,21,,,,,
428,0.07059580832719803,21,,,,,
429,0.03761187195777893,21,,,,,
430,0.020029757171869278,21,,,,,
431,0.049940548837184906,21,,,,,
432,0.016556628048419952,21,,,,,
433,0.03503689542412758,21,,,,,
434,0.09974630922079086,21,,,,,
435,0.017134351655840874,21,,,,,
436,0.02744501270353794,21,,,,,
437,0.05716083571314812,21,,,,,
438,0.0489007867872715,21,,,,,
439,0.044457029551267624,21,,,,,
63,,,0.02037789113819599,,,,
64,,,0.05973479151725769,,,,
65,,,0.004349201917648315,,,,
439,,21,,0.03441837057471275,,,
439,,21,,,0.054290562868118286,0.9583333134651184,0.9583333134651184
440,0.02690923772752285,22,,,,,
441,0.02768952026963234,22,,,,,
442,0.04850107803940773,22,,,,,
443,0.042372602969408035,22,,,,,
444,0.08441662788391113,22,,,,,
445,0.056912969797849655,22,,,,,
446,0.04721412807703018,22,,,,,
447,0.05369632691144943,22,,,,,
448,0.053409866988658905,22,,,,,
449,0.0384136326611042,22,,,,,
450,0.05664762109518051,22,,,,,
451,0.0770156979560852,22,,,,,
452,0.013428171165287495,22,,,,,
453,0.05451582744717598,22,,,,,
454,0.046029143035411835,22,,,,,
455,0.13725286722183228,22,,,,,
456,0.0268082395195961,22,,,,,
457,0.0425833985209465,22,,,,,
458,0.0251261368393898,22,,,,,
459,0.009907824918627739,22,,,,,
66,,,0.026724718511104584,,,,
67,,,0.060284048318862915,,,,
68,,,0.00442475825548172,,,,
459,,22,,0.03733391687273979,,,
459,,22,,,0.049430616199970245,0.9583333134651184,0.9166666865348816
460,0.04855623468756676,23,,,,,
461,0.01828109472990036,23,,,,,
462,0.07764314860105515,23,,,,,
463,0.1500098705291748,23,,,,,
464,0.013853485696017742,23,,,,,
465,0.02981039509177208,23,,,,,
466,0.1334330290555954,23,,,,,
467,0.037141043692827225,23,,,,,
468,0.025588180869817734,23,,,,,
469,0.02058562822639942,23,,,,,
470,0.04451965540647507,23,,,,,
471,0.02311139926314354,23,,,,,
472,0.021930372342467308,23,,,,,
473,0.03001844510436058,23,,,,,
474,0.04278092831373215,23,,,,,
475,0.11662385612726212,23,,,,,
476,0.028122013434767723,23,,,,,
477,0.08070880174636841,23,,,,,
478,0.06890701502561569,23,,,,,
479,0.0248500257730484,23,,,,,
69,,,0.025690171867609024,,,,
70,,,0.061873845756053925,,,,
71,,,0.001976863481104374,,,,
479,,23,,0.037181198596954346,,,
479,,23,,,0.052515365183353424,1.0,0.9583333134651184
480,0.09614178538322449,24,,,,,
481,0.08679524064064026,24,,,,,
482,0.014770853333175182,24,,,,,
483,0.051646072417497635,24,,,,,
484,0.04291155934333801,24,,,,,
485,0.03454553335905075,24,,,,,
486,0.059365227818489075,24,,,,,
487,0.013778597116470337,24,,,,,
488,0.046709656715393066,24,,,,,
489,0.03248830884695053,24,,,,,
490,0.047793254256248474,24,,,,,
491,0.022614432498812675,24,,,,,
492,0.028145048767328262,24,,,,,
493,0.03840860351920128,24,,,,,
494,0.04186774417757988,24,,,,,
495,0.0592910461127758,24,,,,,
496,0.07254298031330109,24,,,,,
497,0.09153258055448532,24,,,,,
498,0.04730845242738724,24,,,,,
499,0.043708015233278275,24,,,,,
72,,,0.02331473119556904,,,,
73,,,0.05261313542723656,,,,
74,,,0.0035550647880882025,,,,
499,,24,,0.032530952244997025,,,
499,,24,,,0.04874415323138237,0.9583333134651184,0.9166666865348816
500,0.018626900389790535,25,,,,,
501,0.0385349877178669,25,,,,,
502,0.08006167411804199,25,,,,,
503,0.008669866248965263,25,,,,,
504,0.046207766979932785,25,,,,,
505,0.02554571069777012,25,,,,,
506,0.032284416258335114,25,,,,,
507,0.052559614181518555,25,,,,,
508,0.08718331903219223,25,,,,,
509,0.03187401592731476,25,,,,,
510,0.030076509341597557,25,,,,,
511,0.019902687519788742,25,,,,,
512,0.012028510682284832,25,,,,,
513,0.031353019177913666,25,,,,,
514,0.07337961345911026,25,,,,,
515,0.03146611154079437,25,,,,,
516,0.15051701664924622,25,,,,,
517,0.04065466672182083,25,,,,,
518,0.12240154296159744,25,,,,,
519,0.013771094381809235,25,,,,,
75,,,0.02302798628807068,,,,
76,,,0.052904874086380005,,,,
77,,,0.0037325448356568813,,,,
519,,25,,0.032561078667640686,,,
519,,25,,,0.0482160784304142,0.9583333134651184,0.9166666865348816
520,0.02880600281059742,26,,,,,
521,0.023509996011853218,26,,,,,
522,0.013917186297476292,26,,,,,
523,0.07070079445838928,26,,,,,
524,0.05097858980298042,26,,,,,
525,0.05561774596571922,26,,,,,
526,0.014513778500258923,26,,,,,
527,0.02983524464070797,26,,,,,
528,0.008864481002092361,26,,,,,
529,0.015789734199643135,26,,,,,
530,0.014558742754161358,26,,,,,
531,0.048280902206897736,26,,,,,
532,0.057758256793022156,26,,,,,
533,0.10017069429159164,26,,,,,
534,0.07676799595355988,26,,,,,
535,0.12496955692768097,26,,,,,
536,0.015727544203400612,26,,,,,
537,0.02385520003736019,26,,,,,
538,0.052814655005931854,26,,,,,
539,0.1118723526597023,26,,,,,
78,,,0.023961780592799187,,,,
79,,,0.048089899122714996,,,,
80,,,0.00776769919320941,,,,
539,,26,,0.031564027070999146,,,
539,,26,,,0.04530119150876999,0.9583333134651184,0.9166666865348816
540,0.04333898052573204,27,,,,,
541,0.03503033146262169,27,,,,,
542,0.04588180035352707,27,,,,,
543,0.07228841632604599,27,,,,,
544,0.04283733665943146,27,,,,,
545,0.017352566123008728,27,,,,,
546,0.019727256149053574,27,,,,,
547,0.09342554211616516,27,,,,,
548,0.029218683019280434,27,,,,,
549,0.07729421555995941,27,,,,,
550,0.12063569575548172,27,,,,,
551,0.1078328788280487,27,,,,,
552,0.04066449776291847,27,,,,,
553,0.02273446135222912,27,,,,,
554,0.023456906899809837,27,,,,,
555,0.04887321591377258,27,,,,,
556,0.06436420977115631,27,,,,,
557,0.007892998866736889,27,,,,,
558,0.022071242332458496,27,,,,,
559,0.02671443298459053,27,,,,,
81,,,0.02673485316336155,,,,
82,,,0.052811603993177414,,,,
83,,,0.004318305756896734,,,,
559,,27,,0.0341750830411911,,,
559,,27,,,0.04862966388463974,0.9166666865348816,0.875
560,0.0506928414106369,28,,,,,
561,0.05876898020505905,28,,,,,
562,0.023959951475262642,28,,,,,
563,0.05535867065191269,28,,,,,
564,0.1040799617767334,28,,,,,
565,0.020484257489442825,28,,,,,
566,0.0366767980158329,28,,,,,
567,0.05292592570185661,28,,,,,
568,0.01314803771674633,28,,,,,
569,0.04941869154572487,28,,,,,
570,0.04253941401839256,28,,,,,
571,0.056481506675481796,28,,,,,
572,0.05801514908671379,28,,,,,
573,0.022568924352526665,28,,,,,
574,0.06993114203214645,28,,,,,
575,0.07323683798313141,28,,,,,
576,0.043877169489860535,28,,,,,
577,0.009439126588404179,28,,,,,
578,0.05506007745862007,28,,,,,
579,0.03643250837922096,28,,,,,
84,,,0.023358119651675224,,,,
85,,,0.047259896993637085,,,,
86,,,0.0049294112250208855,,,,
579,,28,,0.03051222860813141,,,
579,,28,,,0.0469169095158577,0.9166666865348816,0.875
580,0.11192349344491959,29,,,,,
581,0.0736609473824501,29,,,,,
582,0.007358028553426266,29,,,,,
583,0.07950249314308167,29,,,,,
584,0.03228425234556198,29,,,,,
585,0.024167269468307495,29,,,,,
586,0.050993382930755615,29,,,,,
587,0.03395524621009827,29,,,,,
588,0.005856063682585955,29,,,,,
589,0.060034673660993576,29,,,,,
590,0.015251947566866875,29,,,,,
591,0.0853845551609993,29,,,,,
592,0.03003554977476597,29,,,,,
593,0.04064689949154854,29,,,,,
594,0.04776662960648537,29,,,,,
595,0.03493303805589676,29,,,,,
596,0.032995760440826416,29,,,,,
597,0.03200806677341461,29,,,,,
598,0.03374850004911423,29,,,,,
599,0.055949579924345016,29,,,,,
87,,,0.02117067575454712,,,,
88,,,0.05055725947022438,,,,
89,,,0.003349661361426115,,,,
599,,29,,0.030730128288269043,,,
599,,29,,,0.04412725940346718,1.0,0.9583333134651184
600,0.01248911116272211,30,,,,,
601,0.046681709587574005,30,,,,,
602,0.03838372230529785,30,,,,,
603,0.02821858786046505,30,,,,,
604,0.053269706666469574,30,,,,,
605,0.058460354804992676,30,,,,,
606,0.03585606813430786,30,,,,,
607,0.04770310968160629,30,,,,,
608,0.010347316972911358,30,,,,,
609,0.011754563078284264,30,,,,,
610,0.025286132469773293,30,,,,,
611,0.021885089576244354,30,,,,,
612,0.044842690229415894,30,,,,,
613,0.06954758614301682,30,,,,,
614,0.0675988495349884,30,,,,,
615,0.05078386142849922,30,,,,,
616,0.10237764567136765,30,,,,,
617,0.02117309346795082,30,,,,,
618,0.04157349839806557,30,,,,,
619,0.010987948626279831,30,,,,,
90,,,0.022282056510448456,,,,
91,,,0.04438260197639465,,,,
92,,,0.006899895146489143,,,,
619,,30,,0.029158785939216614,,,
619,,30,,,0.04070393741130829,0.9583333134651184,0.9166666865348816
620,0.017432931810617447,31,,,,,
621,0.047230418771505356,31,,,,,
622,0.032797206193208694,31,,,,,
623,0.057753581553697586,31,,,,,
624,0.020823458209633827,31,,,,,
625,0.08429025113582611,31,,,,,
626,0.05634534731507301,31,,,,,
627,0.030025610700249672,31,,,,,
628,0.07990007102489471,31,,,,,
629,0.03198068216443062,31,,,,,
630,0.04057475924491882,31,,,,,
631,0.036450233310461044,31,,,,,
632,0.054823704063892365,31,,,,,
633,0.019899042323231697,31,,,,,
634,0.07663000375032425,31,,,,,
635,0.09458719193935394,31,,,,,
636,0.04623803496360779,31,,,,,
637,0.03757648169994354,31,,,,,
638,0.0175506342202425,31,,,,,
639,0.010737205855548382,31,,,,,
93,,,0.024616597220301628,,,,
94,,,0.057350706309080124,,,,
95,,,0.004119364079087973,,,,
639,,31,,0.035162974148988724,,,
639,,31,,,0.045552730560302734,1.0,0.9583333134651184
640,0.02628522738814354,32,,,,,
641,0.05503939464688301,32,,,,,
642,0.014777734875679016,32,,,,,
643,0.017256617546081543,32,,,,,
644,0.01852876879274845,32,,,,,
645,0.025490982457995415,32,,,,,
646,0.040178291499614716,32,,,,,
647,0.09680339694023132,32,,,,,
648,0.04859409108757973,32,,,,,
649,0.015407947823405266,32,,,,,
650,0.07828628271818161,32,,,,,
651,0.07130451500415802,32,,,,,
652,0.052862536162137985,32,,,,,
653,0.04095896705985069,32,,,,,
654,0.009187670424580574,32,,,,,
655,0.007870342582464218,32,,,,,
656,0.047078680247068405,32,,,,,
657,0.0708729699254036,32,,,,,
658,0.017773428931832314,32,,,,,
659,0.005073955282568932,32,,,,,
96,,,0.023328563198447227,,,,
97,,,0.04896935820579529,,,,
98,,,0.003469892079010606,,,,
659,,32,,0.030989106744527817,,,
659,,32,,,0.038825374096632004,0.9583333134651184,0.9166666865348816
660,0.049352049827575684,33,,,,,
661,0.008185334503650665,33,,,,,
662,0.053306952118873596,33,,,,,
663,0.03414558246731758,33,,,,,
664,0.017815103754401207,33,,,,,
665,0.03582478314638138,33,,,,,
666,0.016164114698767662,33,,,,,
667,0.047181885689496994,33,,,,,
668,0.012473465874791145,33,,,,,
669,0.040694709867239,33,,,,,
670,0.03307903930544853,33,,,,,
671,0.05602249130606651,33,,,,,
672,0.04503946006298065,33,,,,,
673,0.037136200815439224,33,,,,,
674,0.058252278715372086,33,,,,,
675,0.02255602926015854,33,,,,,
676,0.020608916878700256,33,,,,,
677,0.03565727174282074,33,,,,,
678,0.012890534475445747,33,,,,,
679,0.03874535858631134,33,,,,,
99,,,0.020990993827581406,,,,
100,,,0.04271429032087326,,,,
101,,,0.006294777616858482,,,,
679,,33,,0.027817189693450928,,,
679,,33,,,0.033628661185503006,0.9583333134651184,0.9166666865348816
680,0.029903151094913483,34,,,,,
681,0.021265046671032906,34,,,,,
682,0.03643298149108887,34,,,,,
683,0.0131139000877738,34,,,,,
684,0.012580870650708675,34,,,,,
685,0.05674724280834198,34,,,,,
686,0.06922223418951035,34,,,,,
687,0.051508139818906784,34,,,,,
688,0.005909527651965618,34,,,,,
689,0.04151676595211029,34,,,,,
690,0.01954716257750988,34,,,,,
691,0.06063886359333992,34,,,,,
692,0.01304713636636734,34,,,,,
693,0.07702943682670593,34,,,,,
694,0.07709526270627975,34,,,,,
695,0.035577043890953064,34,,,,,
696,0.03221318498253822,34,,,,,
697,0.01174792181700468,34,,,,,
698,0.005876899231225252,34,,,,,
699,0.019248835742473602,34,,,,,
102,,,0.019899819046258926,,,,
103,,,0.043568383902311325,,,,
104,,,0.004647379741072655,,,,
699,,34,,0.02745725028216839,,,
699,,34,,,0.0349024198949337,1.0,0.9583333134651184
700,0.054882295429706573,35,,,,,
701,0.03190518170595169,35,,,,,
702,0.07211235910654068,35,,,,,
703,0.015754248946905136,35,,,,,
704,0.020686039701104164,35,,,,,
705,0.03541117534041405,35,,,,,
706,0.02591557241976261,35,,,,,
707,0.018810788169503212,35,,,,,
708,0.0625193640589714,35,,,,,
709,0.024083741009235382,35,,,,,
710,0.004700350109487772,35,,,,,
711,0.03182884305715561,35,,,,,
712,0.06458649784326553,35,,,,,
713,0.02110384590923786,35,,,,,
714,0.050654489547014236,35,,,,,
715,0.008766391314566135,35,,,,,
716,0.029273131862282753,35,,,,,
717,0.05549120157957077,35,,,,,
718,0.06219248101115227,35,,,,,
719,0.13408230245113373,35,,,,,
105,,,0.019022326916456223,,,,
106,,,0.044722333550453186,,,,
107,,,0.0043701594695448875,,,,
719,,35,,0.0275298822671175,,,
719,,35,,,0.03885740041732788,0.9583333134651184,0.9166666865348816
720,0.00939011387526989,36,,,,,
721,0.008447236381471157,36,,,,,
722,0.027888406068086624,36,,,,,
723,0.07009028643369675,36,,,,,
724,0.03558410331606865,36,,,,,
725,0.026095733046531677,36,,,,,
726,0.004411667585372925,36,,,,,
727,0.034979239106178284,36,,,,,
728,0.04416530579328537,36,,,,,
729,0.04810634255409241,36,,,,,
730,0.049406662583351135,36,,,,,
731,0.011823896318674088,36,,,,,
732,0.045292895287275314,36,,,,,
733,0.0228145532310009,36,,,,,
734,0.023734325543045998,36,,,,,
735,0.04398148134350777,36,,,,,
736,0.01919902302324772,36,,,,,
737,0.027609964832663536,36,,,,,
738,0.1457286775112152,36,,,,,
739,0.06261711567640305,36,,,,,
108,,,0.01776427961885929,,,,
109,,,0.041947197169065475,,,,
110,,,0.006222165655344725,,,,
739,,36,,0.026124123483896255,,,
739,,36,,,0.03743889555335045,1.0,0.9583333134651184
740,0.012204679660499096,37,,,,,
741,0.04489798843860626,37,,,,,
742,0.03716309741139412,37,,,,,
743,0.07291243970394135,37,,,,,
744,0.011577047407627106,37,,,,,
745,0.019469833001494408,37,,,,,
746,0.028423096984624863,37,,,,,
747,0.013632590882480145,37,,,,,
748,0.07018201798200607,37,,,,,
749,0.0721363052725792,37,,,,,
750,0.0658998042345047,37,,,,,
751,0.007984194904565811,37,,,,,
752,0.029605397954583168,37,,,,,
753,0.03914777189493179,37,,,,,
754,0.01791985146701336,37,,,,,
755,0.028007837012410164,37,,,,,
756,0.0354117676615715,37,,,,,
757,0.013005784712731838,37,,,,,
758,0.03493243083357811,37,,,,,
759,0.013370838016271591,37,,,,,
111,,,0.026257861405611038,,,,
112,,,0.056790754199028015,,,,
113,,,0.008696162141859531,,,,
759,,37,,0.03634091466665268,,,
759,,37,,,0.033907659351825714,1.0,0.9583333134651184
760,0.04886215925216675,38,,,,,
761,0.023105109110474586,38,,,,,
762,0.03806687891483307,38,,,,,
763,0.049757082015275955,38,,,,,
764,0.010654929094016552,38,,,,,
765,0.014533748850226402,38,,,,,
766,0.06579002737998962,38,,,,,
767,0.024056660011410713,38,,,,,
768,0.04137200117111206,38,,,,,
769,0.025494655594229698,38,,,,,
770,0.07162062078714371,38,,,,,
771,0.014754918403923512,38,,,,,
772,0.0850183516740799,38,,,,,
773,0.05418117344379425,38,,,,,
774,0.0658901184797287,38,,,,,
775,0.010347913950681686,38,,,,,
776,0.027924424037337303,38,,,,,
777,0.03223751112818718,38,,,,,
778,0.026331067085266113,38,,,,,
779,0.09184923022985458,38,,,,,
114,,,0.028758501634001732,,,,
115,,,0.04785740375518799,,,,
116,,,0.005228771362453699,,,,
779,,38,,0.0330849252641201,,,
779,,38,,,0.03979097306728363,1.0,0.9583333134651184
780,0.014818774536252022,39,,,,,
781,0.02860509231686592,39,,,,,
782,0.06107042357325554,39,,,,,
783,0.03108765184879303,39,,,,,
784,0.034965768456459045,39,,,,,
785,0.0765114575624466,39,,,,,
786,0.009271832183003426,39,,,,,
787,0.02895968221127987,39,,,,,
788,0.046957917511463165,39,,,,,
789,0.03352365642786026,39,,,,,
790,0.029004499316215515,39,,,,,
791,0.00977922324091196,39,,,,,
792,0.06341339647769928,39,,,,,
793,0.06235082074999809,39,,,,,
794,0.009246624074876308,39,,,,,
795,0.012958898209035397,39,,,,,
796,0.028100065886974335,39,,,,,
797,0.037281543016433716,39,,,,,
798,0.029767347499728203,39,,,,,
799,0.009637925773859024,39,,,,,
117,,,0.018321171402931213,,,,
118,,,0.04151394963264465,,,,
119,,,0.004958871752023697,,,,
799,,39,,0.025976713746786118,,,
799,,39,,,0.03346120938658714,0.9583333134651184,0.9166666865348816
800,0.02410833165049553,40,,,,,
801,0.060585442930459976,40,,,,,
802,0.04955914244055748,40,,,,,
803,0.00946647860109806,40,,,,,
804,0.034663327038288116,40,,,,,
805,0.042904917150735855,40,,,,,
806,0.005450226366519928,40,,,,,
807,0.03736677020788193,40,,,,,
808,0.043996576219797134,40,,,,,
809,0.025818537920713425,40,,,,,
810,0.03874849155545235,40,,,,,
811,0.05400417745113373,40,,,,,
812,0.03352439031004906,40,,,,,
813,0.04848698899149895,40,,,,,
814,0.04404628649353981,40,,,,,
815,0.006156992632895708,40,,,,,
816,0.04382719844579697,40,,,,,
817,0.00791685376316309,40,,,,,
818,0.0103284427896142,40,,,,,
819,0.02256196364760399,40,,,,,
120,,,0.019723838195204735,,,,
121,,,0.03939078748226166,,,,
122,,,0.0057870992459356785,,,,
819,,40,,0.025804121047258377,,,
819,,40,,,0.032422591000795364,1.0,0.9583333134651184
820,0.02130269818007946,41,,,,,
821,0.046880174428224564,41,,,,,
822,0.00477871298789978,41,,,,,
823,0.004522782284766436,41,,,,,
824,0.018456699326634407,41,,,,,
825,0.10159797221422195,41,,,,,
826,0.07566049695014954,41,,,,,
827,0.024409309029579163,41,,,,,
828,0.015588020905852318,41,,,,,
829,0.013782937079668045,41,,,,,
830,0.09322457015514374,41,,,,,
831,0.023508315905928612,41,,,,,
832,0.027570800855755806,41,,,,,
833,0.061028994619846344,41,,,,,
834,0.0076848180033266544,41,,,,,
835,0.020859185606241226,41,,,,,
836,0.014584967866539955,41,,,,,
837,0.02473926544189453,41,,,,,
838,0.03080040030181408,41,,,,,
839,0.041354160755872726,41,,,,,
123,,,0.022359296679496765,,,,
124,,,0.041110653430223465,,,,
125,,,0.006994844879955053,,,,
839,,41,,0.0278286375105381,,,
839,,41,,,0.03341837227344513,1.0,0.9583333134651184
840,0.03840316832065582,42,,,,,
841,0.03957660123705864,42,,,,,
842,0.016810378059744835,42,,,,,
843,0.004324822686612606,42,,,,,
844,0.0075210644863545895,42,,,,,
845,0.049270980060100555,42,,,,,
846,0.09312281757593155,42,,,,,
847,0.03646227717399597,42,,,,,
848,0.04301061853766441,42,,,,,
849,0.03331512585282326,42,,,,,
850,0.029683733358979225,42,,,,,
851,0.02709999866783619,42,,,,,
852,0.027477355673909187,42,,,,,
853,0.03717244789004326,42,,,,,
854,0.053342849016189575,42,,,,,
855,0.007715985178947449,42,,,,,
856,0.009476163424551487,42,,,,,
857,0.03197368606925011,42,,,,,
858,0.006070039700716734,42,,,,,
859,0.05864870175719261,42,,,,,
126,,,0.019393086433410645,,,,
127,,,0.04987663775682449,,,,
128,,,0.0038961274549365044,,,,
859,,42,,0.02978137880563736,,,
859,,42,,,0.03185407444834709,1.0,0.9583333134651184
860,0.050400685518980026,43,,,,,
861,0.010981939733028412,43,,,,,
862,0.008514461107552052,43,,,,,
863,0.011261669918894768,43,,,,,
864,0.01351835671812296,43,,,,,
865,0.03628399595618248,43,,,,,
866,0.035523973405361176,43,,,,,
867,0.00783055555075407,43,,,,,
868,0.008764578960835934,43,,,,,
869,0.050839442759752274,43,,,,,
870,0.04653286561369896,43,,,,,
871,0.017013704404234886,43,,,,,
872,0.05221299082040787,43,,,,,
873,0.050750732421875,43,,,,,
874,0.05034589022397995,43,,,,,
875,0.09058711677789688,43,,,,,
876,0.022775188088417053,43,,,,,
877,0.005894798319786787,43,,,,,
878,0.012988965958356857,43,,,,,
879,0.0651884451508522,43,,,,,
129,,,0.017175059765577316,,,,
130,,,0.040601350367069244,,,,
131,,,0.005104335490614176,,,,
879,,43,,0.025132857263088226,,,
879,,43,,,0.03157005459070206,1.0,0.9583333134651184
880,0.05655571073293686,44,,,,,
881,0.02039284259080887,44,,,,,
882,0.07792731374502182,44,,,,,
883,0.015511546283960342,44,,,,,
884,0.016095278784632683,44,,,,,
885,0.04318981617689133,44,,,,,
886,0.054814111441373825,44,,,,,
887,0.01863788813352585,44,,,,,
888,0.04811647906899452,44,,,,,
889,0.0666554868221283,44,,,,,
890,0.01589188165962696,44,,,,,
891,0.03065267577767372,44,,,,,
892,0.027420107275247574,44,,,,,
893,0.014216062612831593,44,,,,,
894,0.05051921680569649,44,,,,,
895,0.029182786121964455,44,,,,,
896,0.030514080077409744,44,,,,,
897,0.016481464728713036,44,,,,,
898,0.033710215240716934,44,,,,,
899,0.01007826067507267,44,,,,,
132,,,0.018254775553941727,,,,
133,,,0.03894700109958649,,,,
134,,,0.0056792963296175,,,,
899,,44,,0.02498169057071209,,,
899,,44,,,0.034437134861946106,1.0,0.9583333134651184
900,0.04637613520026207,45,,,,,
901,0.04762108251452446,45,,,,,
902,0.06584202498197556,45,,,,,
903,0.007376698311418295,45,,,,,
904,0.030875131487846375,45,,,,,
905,0.0061323270201683044,45,,,,,
906,0.00950740184634924,45,,,,,
907,0.06367224454879761,45,,,,,
908,0.027428986504673958,45,,,,,
909,0.028370637446641922,45,,,,,
910,0.005422228015959263,45,,,,,
911,0.017308279871940613,45,,,,,
912,0.03922177478671074,45,,,,,
913,0.03003251738846302,45,,,,,
914,0.02706199698150158,45,,,,,
915,0.013828177936375141,45,,,,,
916,0.021234948188066483,45,,,,,
917,0.010397766716778278,45,,,,,
918,0.019861886277794838,45,,,,,
919,0.03663777932524681,45,,,,,
135,,,0.01748734340071678,,,,
136,,,0.03858555480837822,,,,
137,,,0.0046854205429553986,,,,
919,,45,,0.02434944547712803,,,
919,,45,,,0.027481598779559135,1.0,0.9583333134651184
920,0.06289815157651901,46,,,,,
921,0.028851130977272987,46,,,,,
922,0.012530074454843998,46,,,,,
923,0.029166216030716896,46,,,,,
924,0.038859810680150986,46,,,,,
925,0.02707555703818798,46,,,,,
926,0.02807546593248844,46,,,,,
927,0.07035140693187714,46,,,,,
928,0.005033417139202356,46,,,,,
929,0.027932412922382355,46,,,,,
930,0.039318762719631195,46,,,,,
931,0.02095971815288067,46,,,,,
932,0.008058610372245312,46,,,,,
933,0.05548403412103653,46,,,,,
934,0.03933054953813553,46,,,,,
935,0.045312900096178055,46,,,,,
936,0.04948042705655098,46,,,,,
937,0.030387461185455322,46,,,,,
938,0.05880185216665268,46,,,,,
939,0.0057404725812375546,46,,,,,
138,,,0.020676206797361374,,,,
139,,,0.038345929235219955,,,,
140,,,0.0031547960825264454,,,,
939,,46,,0.025349551811814308,,,
939,,46,,,0.03491169959306717,1.0,0.9583333134651184
940,0.009578452445566654,47,,,,,
941,0.006352127529680729,47,,,,,
942,0.020113175734877586,47,,,,,
943,0.036338333040475845,47,,,,,
944,0.01478786114603281,47,,,,,
945,0.026307398453354836,47,,,,,
946,0.024191364645957947,47,,,,,
947,0.040778059512376785,47,,,,,
948,0.03542686253786087,47,,,,,
949,0.05240199342370033,47,,,,,
950,0.006975776981562376,47,,,,,
951,0.06379251927137375,47,,,,,
952,0.059451986104249954,47,,,,,
953,0.04300520941615105,47,,,,,
954,0.04232926294207573,47,,,,,
955,0.007617634255439043,47,,,,,
956,0.05420466512441635,47,,,,,
957,0.07594215869903564,47,,,,,
958,0.01037801243364811,47,,,,,
959,0.04340476915240288,47,,,,,
141,,,0.013988921418786049,,,,
142,,,0.03652743995189667,,,,
143,,,0.007210207171738148,,,,
959,,47,,0.02240850031375885,,,
959,,47,,,0.03341924399137497,1.0,0.9583333134651184
960,0.028818245977163315,48,,,,,
961,0.01656116172671318,48,,,,,
962,0.008997333236038685,48,,,,,
963,0.030056284740567207,48,,,,,
964,0.03938395902514458,48,,,,,
965,0.023855572566390038,48,,,,,
966,0.016063552349805832,48,,,,,
967,0.026708049699664116,48,,,,,
968,0.015278436243534088,48,,,,,
969,0.032840754836797714,48,,,,,
970,0.0716141015291214,48,,,,,
971,0.07484425604343414,48,,,,,
972,0.03755518049001694,48,,,,,
973,0.015658393502235413,48,,,,,
974,0.06110371649265289,48,,,,,
975,0.0325811505317688,48,,,,,
976,0.005468318238854408,48,,,,,
977,0.03268580511212349,48,,,,,
978,0.060244061052799225,48,,,,,
979,0.008088823407888412,48,,,,,
144,,,0.02258676290512085,,,,
145,,,0.04129532724618912,,,,
146,,,0.00242895120754838,,,,
979,,48,,0.02728123962879181,,,
979,,48,,,0.03253142163157463,1.0,0.9583333134651184
980,0.03664189204573631,49,,,,,
981,0.011685905046761036,49,,,,,
982,0.047840625047683716,49,,,,,
983,0.024531124159693718,49,,,,,
984,0.01804266683757305,49,,,,,
985,0.06691776216030121,49,,,,,
986,0.008626359514892101,49,,,,,
987,0.029276225715875626,49,,,,,
988,0.057564254850149155,49,,,,,
989,0.014241180382668972,49,,,,,
990,0.01068026851862669,49,,,,,
991,0.06277041882276535,49,,,,,
992,0.04026590287685394,49,,,,,
993,0.052624378353357315,49,,,,,
994,0.03781663626432419,49,,,,,
995,0.016766631975769997,49,,,,,
996,0.00836099311709404,49,,,,,
997,0.03363369032740593,49,,,,,
998,0.015088312327861786,49,,,,,
999,0.005251406226307154,49,,,,,
147,,,0.01617707870900631,,,,
148,,,0.0366009920835495,,,,
149,,,0.006526913959532976,,,,
999,,49,,0.023252911865711212,,,
999,,49,,,0.03056414984166622,1.0,0.9583333134651184
1000,0.061686061322689056,50,,,,,
1001,0.038348544389009476,50,,,,,
1002,0.00511577632278204,50,,,,,
1003,0.05182655528187752,50,,,,,
1004,0.013855203986167908,50,,,,,
1005,0.013781560584902763,50,,,,,
1006,0.02210237644612789,50,,,,,
1007,0.024165496230125427,50,,,,,
1008,0.007635815534740686,50,,,,,
1009,0.05877651274204254,50,,,,,
1010,0.03193489834666252,50,,,,,
1011,0.029599806293845177,50,,,,,
1012,0.00818701647222042,50,,,,,
1013,0.015136933885514736,50,,,,,
1014,0.026370819658041,50,,,,,
1015,0.009233460761606693,50,,,,,
1016,0.047338977456092834,50,,,,,
1017,0.030877748504281044,50,,,,,
1018,0.03790049999952316,50,,,,,
1019,0.050384823232889175,50,,,,,
150,,,0.018547935411334038,,,,
151,,,0.038411904126405716,,,,
152,,,0.0034792001824826,,,,
1019,,50,,0.024532437324523926,,,
1019,,50,,,0.02867007628083229,1.0,0.9583333134651184
1020,0.006072176620364189,51,,,,,
1021,0.030590299516916275,51,,,,,
1022,0.02377801388502121,51,,,,,
1023,0.033856358379125595,51,,,,,
1024,0.02564755454659462,51,,,,,
1025,0.02959120087325573,51,,,,,
1026,0.01982245221734047,51,,,,,
1027,0.03368689864873886,51,,,,,
1028,0.011461131274700165,51,,,,,
1029,0.005164577625691891,51,,,,,
1030,0.06855238974094391,51,,,,,
1031,0.012187321670353413,51,,,,,
1032,0.027044394984841347,51,,,,,
1033,0.037692178040742874,51,,,,,
1034,0.028557339683175087,51,,,,,
1035,0.038989145308732986,51,,,,,
1036,0.0457737110555172,51,,,,,
1037,0.0245019793510437,51,,,,,
1038,0.019107382744550705,51,,,,,
1039,0.05983535945415497,51,,,,,
153,,,0.019569221884012222,,,,
154,,,0.041696060448884964,,,,
155,,,0.004551032092422247,,,,
1039,,51,,0.02651449292898178,,,
1039,,51,,,0.028307395055890083,1.0,0.9583333134651184
1040,0.049987323582172394,52,,,,,
1041,0.024825364351272583,52,,,,,
1042,0.030094262212514877,52,,,,,
1043,0.010682336054742336,52,,,,,
1044,0.011556927114725113,52,,,,,
1045,0.05747435241937637,52,,,,,
1046,0.025229545310139656,52,,,,,
1047,0.008174588903784752,52,,,,,
1048,0.06625567376613617,52,,,,,
1049,0.007149221375584602,52,,,,,
1050,0.04690594598650932,52,,,,,
1051,0.04408445209264755,52,,,,,
1052,0.004459123592823744,52,,,,,
1053,0.011239541694521904,52,,,,,
1054,0.010016142390668392,52,,,,,
1055,0.04856696352362633,52,,,,,
1056,0.06976313143968582,52,,,,,
1057,0.016514785587787628,52,,,,,
1058,0.052302103489637375,52,,,,,
1059,0.004620981402695179,52,,,,,
156,,,0.016167422756552696,,,,
157,,,0.039680592715740204,,,,
158,,,0.006171224173158407,,,,
1059,,52,,0.024489358067512512,,,
1059,,52,,,0.030645757913589478,1.0,1.0
